user_id,username,email,password_hash,full_name,created_at
1,lleyre0,lleyre0@hostgator.com,62380b3a1f85635523bf2d0be2b96d3e,Lin Leyre,04/20/2023
2,cabbitt1,cabbitt1@clickbank.net,e00fe840c21abbea90e90811bd21b6b3,Celinka Abbitt,07/03/2022
3,sbarron2,sbarron2@istockphoto.com,4a3b44124bb07443474eb724ef13a6ac,Salomi Barron,06/05/2020
4,pyakunin3,pyakunin3@squidoo.com,44acf84ef15c1139549268d5f420965f,Penny Yakunin,10/01/2021
5,dsegrave4,dsegrave4@indiatimes.com,05cc77260731c9a818b1e1ca2cf36851,Danika Segrave,06/05/2022
6,dstennet5,dstennet5@etsy.com,1073fc88c48e159f485a62dce56e4a09,Dayna Stennet,09/15/2022
7,ofowley6,ofowley6@desdev.cn,ee3e265673c2c835a6329dc29d8d34a1,Odessa Fowley,02/15/2025
8,bthombleson7,bthombleson7@xing.com,3df3940d1991037fb186b175510785b3,Bord Thombleson,04/24/2023
9,pbouette8,pbouette8@google.com.br,44a7a805e2bf6284f68a96015f53a98b,Puff Bouette,06/10/2021
10,treuter9,treuter9@nifty.com,2412ed3ecf6dc601abe4ac34fc9e2c5e,Tucky Reuter,04/22/2021
11,astodita,astodita@deviantart.com,02a3539fa032b64abc9304e170c518c8,Ardys Stodit,03/04/2025
12,dbeddieb,dbeddieb@gnu.org,ad7c57d3e241c6ec35dd8c59bf173d3f,Dyna Beddie,09/04/2022
13,bkhominc,bkhominc@last.fm,bb56e1a69e53cf75b5a056fa75d159d6,Barris Khomin,11/13/2022
14,stinglyd,stinglyd@mapquest.com,e8982bede3f77c25681eebe2cc728a3b,Stacy Tingly,09/10/2024
15,mriboue,mriboue@businessweek.com,9158f6228e187618456e3c58b82d4b75,Merralee Ribou,10/24/2024
16,bolandf,bolandf@vkontakte.ru,e003042c1e40824448d974e508c0a1c6,Bendix Oland,12/09/2021
17,rplomerg,rplomerg@icq.com,0206ff88b00f22a533c9887c5907ce14,Rees Plomer,05/01/2020
18,scacacieh,scacacieh@cpanel.net,243b049b18ab0f3d4b2a7e4b8430ed75,Serena Cacacie,05/21/2023
19,dwadelini,dwadelini@cnet.com,5a7676d2376f56e175077b7c5c855a7f,Danny Wadelin,04/01/2023
20,lharridgej,lharridgej@salon.com,7771df104fe178de81a2c87f3da2f114,Lauren Harridge,06/02/2024
21,djanauschekk,djanauschekk@ucoz.ru,555c655e30c8c18f668dce1d1f6031d5,Delmore Janauschek,08/29/2023
22,rlyptradel,rlyptradel@sina.com.cn,db9551a97722b59c24502e076d7eeac0,Ronny Lyptrade,05/31/2020
23,msmithsonm,msmithsonm@1688.com,1a5cf0619ae556519a0973967bfda05f,Melita Smithson,10/04/2022
24,ukornyshevn,ukornyshevn@ft.com,d966695369ca40832048bda194391c7f,Ursa Kornyshev,03/09/2022
25,rdeo,rdeo@prweb.com,2261b3b6f0963e269c919e2c8caf40b7,Rupert de Najera,06/03/2021
26,dwilsonp,dwilsonp@techcrunch.com,8cb766486fe0ef1e3d41a08a53e16185,Davida Wilson,04/25/2023
27,mstrowthersq,mstrowthersq@ycombinator.com,799982025a293dc927125db3eda10f7b,Marney Strowthers,03/06/2023
28,glangstoner,glangstoner@accuweather.com,e40d4627b18a266fd2ceba1611f1ba7b,Georgie Langstone,04/01/2022
29,mcrasfords,mcrasfords@wufoo.com,f442a92b03a0233716ad17849c5f066d,Marietta Crasford,01/05/2025
30,esawlt,esawlt@ucsd.edu,b37e1931be62510ec4b2b966533f0a79,Etienne Sawl,01/03/2023
31,kgrunderu,kgrunderu@imgur.com,65df11665e9e2985e16d7cf9654011d6,Korry Grunder,05/21/2021
32,rtremathickv,rtremathickv@virginia.edu,5956ff6488221423c091317d1e33b030,Rafaellle Tremathick,10/29/2024
33,kantoniw,kantoniw@friendfeed.com,fa1b27dd299e23fff62d18914a6defd4,Kiele Antoni,05/22/2024
34,hfenneyx,hfenneyx@icio.us,90467c6798470b13306659dfd15032a0,Humfried Fenney,04/07/2020
35,dgiorgiuttiy,dgiorgiuttiy@businessweek.com,18e3514048b89680302e9a4705d3a292,Debora Giorgiutti,10/07/2022
36,jwellardz,jwellardz@nydailynews.com,8c877452668c7ef374ae3abd56895de1,Jaquith Wellard,08/15/2025
37,greith10,greith10@mit.edu,671e2999da0ba0d32964b3a3aa8f72ff,Godiva Reith,04/29/2024
38,jhaquard11,jhaquard11@naver.com,bab741c37cc1c65556309746946c3bce,Jena Haquard,02/25/2021
39,edobbinson12,edobbinson12@house.gov,971966e23df79556fed178a294791f03,Edlin Dobbinson,10/18/2023
40,ndelve13,ndelve13@google.fr,997ce2a14cd4e9dae5a4829bc0f689b3,Nobie Delve,07/17/2021
41,idrayson14,idrayson14@blogs.com,ab99535000f1b3ba2e56cccf064c6307,Isiahi Drayson,01/28/2024
42,chalkyard15,chalkyard15@aboutads.info,9bd2307e1d3b91c007a5b3973c8fed40,Celinda Halkyard,05/01/2024
43,kkingsnode16,kkingsnode16@prnewswire.com,ffecbe18abd5b6092f24702b76ed9fd8,Karlotta Kingsnode,09/26/2020
44,iapark17,iapark17@berkeley.edu,74bec4d329bdf23682f6eaece67ddf16,Ilaire Apark,03/06/2025
45,bdavidov18,bdavidov18@wix.com,ae6cbc0e14436d2b79b9b9785879a02c,Boothe Davidov,02/23/2021
46,ahanrahan19,ahanrahan19@prweb.com,e54cfd6c35431f339c71880ffa98583f,Auroora Hanrahan,11/03/2024
47,gmenendes1a,gmenendes1a@netvibes.com,2da2f0b375b81310fe3b5272a435f2fb,Gilberto Menendes,01/04/2022
48,rvere1b,rvere1b@smugmug.com,0d59d8fb1b81858a4d7ab1e9f77b6525,Rollo Vere,09/20/2022
49,lwilkin1c,lwilkin1c@discovery.com,a27c57df189c6919182295a8ca240d9a,Logan Wilkin,03/22/2025
50,bkonneke1d,bkonneke1d@nyu.edu,902ae75972ce24e058d7bbb5b2fd45fd,Bink Konneke,05/02/2025
51,kheddan1e,kheddan1e@infoseek.co.jp,0d4f28f7c9ede51d40e6ba011e1e3d3f,Kristina Heddan,04/15/2022
52,ljoseff1f,ljoseff1f@hatena.ne.jp,1e51f67d75a3811a9719925c9f838bac,Luce Joseff,10/06/2023
53,ydedon1g,ydedon1g@wikimedia.org,fb04af844e1e1891f1cf94d45e08750f,Yvette Dedon,07/18/2024
54,sfarrell1h,sfarrell1h@cloudflare.com,5735cff043cd682123b759e7407c1d02,Stoddard Farrell,03/26/2023
55,mhoulson1i,mhoulson1i@ebay.co.uk,37a895b0ef95f48d8a4466850ae21c48,Magdaia Houlson,04/15/2022
56,bwingeat1j,bwingeat1j@sourceforge.net,b18e7e3d8486955661fa6ba7478f33fd,Bo Wingeat,05/13/2021
57,cvanyashin1k,cvanyashin1k@istockphoto.com,d5262b393e017511e48dcae263f6a401,Christophe Vanyashin,03/02/2025
58,cde1l,cde1l@va.gov,40d9f0a6cb78d7407b72e7d52c129d11,Caryl De Morena,07/23/2023
59,aorhtmann1m,aorhtmann1m@disqus.com,285adf04ba638416c0dce649d2660ceb,Averil Orhtmann,01/08/2025
60,dplank1n,dplank1n@i2i.jp,936aada57f58392ecca1a7947d32cd79,Danielle Plank,11/16/2024
61,amawer1o,amawer1o@illinois.edu,b22cc33c53a5cba3dcae81edd0ae79ac,Amabel Mawer,12/11/2023
62,tstoffersen1p,tstoffersen1p@prweb.com,be4ddc7387c1b9ed3a2e7b823216c089,Tuckie Stoffersen,09/13/2023
63,aguilaem1q,aguilaem1q@arstechnica.com,b29c594d0fd039d772a94dd8f286363d,Augusta Guilaem,03/04/2023
64,wdybald1r,wdybald1r@adobe.com,5cac6cb8bd7d7c315be7c9796936b554,Worth Dybald,09/30/2022
65,thannaby1s,thannaby1s@epa.gov,92e6dc089f393b1d4344ac539f611bae,Tobin Hannaby,07/19/2022
66,kbend1t,kbend1t@wix.com,5cfcd820d17f182f521f45732f40af88,Katy Bend,06/20/2025
67,ctregear1u,ctregear1u@wp.com,d3dc231138f9cb3d61c409e0ee1aac17,Cheslie Tregear,02/05/2025
68,cblaszkiewicz1v,cblaszkiewicz1v@bandcamp.com,59722458540536fdb05483d7674159e3,Corenda Blaszkiewicz,12/09/2021
69,tconnell1w,tconnell1w@mapy.cz,e57c44c5c804c7298af246d830fc4312,Tommie Connell,03/21/2020
70,rilyin1x,rilyin1x@buzzfeed.com,3c20a640056cd01e3f079602817f676b,Raven Ilyin,07/17/2022
71,cmcsparran1y,cmcsparran1y@mysql.com,3aeee9ed5a38e290726fbdfc01608c79,Carma McSparran,04/26/2022
72,cfeechan1z,cfeechan1z@photobucket.com,09337841375632b92ef7192aca682ede,Cam Feechan,02/17/2023
73,gphython20,gphython20@nbcnews.com,6287aa5674ff569e66808f186e752bab,George Phython,09/10/2021
74,hwilkerson21,hwilkerson21@foxnews.com,d5348dacf7bb1309f8894495b816fca7,Hortensia Wilkerson,03/17/2023
75,kdeath22,kdeath22@clickbank.net,b4797d5d12a4877615f74d625448b1dd,Kirby D'eath,11/18/2024
76,galdgate23,galdgate23@gmpg.org,2be062b2119d9616ba5baef0f7715c44,Gerrilee Aldgate,08/11/2024
77,msackett24,msackett24@macromedia.com,0824880a9e6c66fa79fd7854be5bbde9,Maddie Sackett,07/18/2023
78,pmcsperrin25,pmcsperrin25@paginegialle.it,ef0ca7ea57b6fd3cdec116b30db4adfe,Pietrek McSperrin,08/30/2020
79,ysimonelli26,ysimonelli26@nasa.gov,f240b870ee997dac8694704864714bf0,Yovonnda Simonelli,02/07/2024
80,edewicke27,edewicke27@miitbeian.gov.cn,3c67144b49c7375269195a62b6fd76fe,Ermanno Dewicke,03/21/2022
81,operton28,operton28@examiner.com,2b2159341b8582a83954beb80f5f26a4,Opalina Perton,01/23/2020
82,ssailor29,ssailor29@goodreads.com,2c515303b1855745220ec748ab9cbda0,Sayre Sailor,06/29/2020
83,crisley2a,crisley2a@trellian.com,2a8bee168a86ae5be8703f36237fe685,Curcio Risley,07/26/2022
84,stregust2b,stregust2b@arstechnica.com,a7f4ed3cdf70b60f3e8eb0855fde8f16,Sondra Tregust,08/04/2022
85,epersence2c,epersence2c@time.com,24190638dd867bad7bf2ca6969b46b56,Efren Persence,11/06/2023
86,bwolfinger2d,bwolfinger2d@vistaprint.com,4e54b60c1c7fc255f8c4102a48e6a27b,Bearnard Wolfinger,04/08/2021
87,rhalfhyde2e,rhalfhyde2e@etsy.com,aacfb9d5405bf97f25902ba8bf3679c6,Rickey Halfhyde,01/11/2022
88,cdunsmuir2f,cdunsmuir2f@histats.com,2e65ae22aa409c39f9ff7cf4da17af4e,Christoforo Dunsmuir,07/29/2022
89,lsimants2g,lsimants2g@t.co,ec1c7d894d10bfb98826b86d9f4631d8,Lolita Simants,12/04/2020
90,chamerton2h,chamerton2h@blogspot.com,2608bd1ecf75fd010353e92133f1993b,Carson Hamerton,12/25/2024
91,cfeben2i,cfeben2i@opensource.org,3e5462cf286f8934def0c00ece20a195,Calypso Feben,10/19/2024
92,ewiburn2j,ewiburn2j@i2i.jp,25b8e0f286cb5384040602d49352ecab,Eben Wiburn,06/11/2023
93,mmiddleton2k,mmiddleton2k@sakura.ne.jp,273e6ff4116c3f8a109dc04d17466203,Morrie Middleton,04/24/2024
94,ltadgell2l,ltadgell2l@marketwatch.com,491f381f4015244c4230a6ecfe64a8ee,Lauralee Tadgell,09/12/2024
95,sfriday2m,sfriday2m@google.es,98200c290e2c27985993342744dfeabf,Sean Friday,02/12/2023
96,gstockill2n,gstockill2n@unicef.org,9d76f7fd07eb67688aa2a06d1725c700,Guenevere Stockill,05/14/2020
97,thammerich2o,thammerich2o@blog.com,291c85e7172c88fa3f745ff46695c121,Tracie Hammerich,06/25/2025
98,jcarlisi2p,jcarlisi2p@china.com.cn,082d680ccfa097290ed9d298c1407305,Jerald Carlisi,02/17/2025
99,achenery2q,achenery2q@economist.com,aa601bd2aaefc8f8931764d869061bf2,Avrom Chenery,04/04/2025
100,idrews2r,idrews2r@europa.eu,fa7098b2ea822d0853e5b54297825269,Imogen Drews,07/17/2020
101,smoorhead2s,smoorhead2s@msn.com,4e8b972590b2fca959cb2e0f8501563d,Stafani Moorhead,05/26/2025
102,kkinver2t,kkinver2t@businesswire.com,31de1018f27431fbc10a1693f37a3950,Kelly Kinver,02/23/2020
103,rchatfield2u,rchatfield2u@edublogs.org,1f6cfd09442669a8430956feb9a26575,Ravid Chatfield,09/16/2021
104,lcastard2v,lcastard2v@a8.net,22e210bd67b654f2f6ad4a7b104df50e,Lorie Castard,11/05/2024
105,vgoford2w,vgoford2w@a8.net,bdd867089f6e2f0b646dfb1788d49a29,Vina Goford,06/10/2023
106,cklaiser2x,cklaiser2x@networksolutions.com,a92f8c95779533eea1565f4a64459205,Clementina Klaiser,08/21/2020
107,tmalster2y,tmalster2y@moonfruit.com,02092e4648c27a47197c690ccf305aa8,Tersina Malster,01/19/2023
108,gpiggford2z,gpiggford2z@latimes.com,3a71a1660b82a182018fcf15463d195e,Gian Piggford,06/29/2025
109,hseelbach30,hseelbach30@dell.com,e3f9a69b035d29a23f03a3a7c3c603e9,Honor Seelbach,09/15/2021
110,sbarriball31,sbarriball31@state.tx.us,d24003851fc7a07aa7186609c223f791,Sigfrid Barriball,04/21/2023
111,abagg32,abagg32@issuu.com,4e2f840cd51e3eaacc1a37a57a88fe8d,Alberto Bagg,01/10/2023
112,mfremantle33,mfremantle33@umich.edu,6e09384b3714852b521b6cb70a08ec3e,Maxwell Fremantle,08/18/2022
113,dharford34,dharford34@earthlink.net,6a3f4bec36ba7791e608d534d099fb09,Douglass Harford,10/06/2021
114,lroskilly35,lroskilly35@constantcontact.com,9f680fb21214db5db3463da81bff4194,Lilian Roskilly,04/01/2024
115,catchly36,catchly36@toplist.cz,dc2561be3711fed80eb546b692a6686d,Celestyna Atchly,08/26/2023
116,amacgarrity37,amacgarrity37@over-blog.com,8e7dfc1d63c81ba60714359fe3a8de0d,Anastassia MacGarrity,10/25/2021
117,gchatelain38,gchatelain38@ow.ly,3a7e04a50c896432f483cfea40b8e08b,Ginny Chatelain,09/16/2020
118,ekippin39,ekippin39@nationalgeographic.com,a490785e271fc2e6ba4e70bf8133478a,Everard Kippin,08/16/2022
119,nleigh3a,nleigh3a@umich.edu,abb5eebb8d655d6f116bc9ad862aa784,Nanine Leigh,06/22/2020
120,ppaffot3b,ppaffot3b@4shared.com,0e351f3a7fc51e59a658bce953b179c1,Pooh Paffot,03/06/2021
121,ganthoine3c,ganthoine3c@nydailynews.com,5f5bf025a13c431cfa3f8eca3e2e2eca,Goraud Anthoine,03/15/2020
122,abendan3d,abendan3d@craigslist.org,15e0c1d0e042c0edb61724f987ac160e,Antons Bendan,06/29/2021
123,emccarter3e,emccarter3e@apache.org,eb1519989e6383ab47800571103b954e,Evyn McCarter,03/09/2023
124,jsallier3f,jsallier3f@hostgator.com,f4f0a147c4922504d0f6fc0b5377f97a,Judd Sallier,10/18/2020
125,aloble3g,aloble3g@gravatar.com,2e1ccb2b576f6d8cc32439a056889b00,Allyson Loble,07/30/2023
126,rbullick3h,rbullick3h@ucsd.edu,4e07b157ceb2611f2d61ba56cc6eef3c,Radcliffe Bullick,02/10/2020
127,oforster3i,oforster3i@issuu.com,67595d31696a5cc622b4e2de84f3189f,Odey Forster,09/09/2020
128,cgrimsditch3j,cgrimsditch3j@wikia.com,67f130ef818fe1f9bcc8fca569cc8903,Corliss Grimsditch,06/01/2022
129,cpuve3k,cpuve3k@independent.co.uk,fe2b4e519474218a421ee0c395e0a751,Codi Puve,07/25/2020
130,smountlow3l,smountlow3l@adobe.com,a7da4411935229a43ae7c7682312b6cc,Sander Mountlow,10/05/2020
131,jlevee3m,jlevee3m@intel.com,ee64563b9f0a9a1708484ec491874bee,Jabez Levee,11/09/2023
132,lodby3n,lodby3n@cafepress.com,6fd104ab73441e3c3ee6490d1d0c029f,Lilian Odby,09/27/2022
133,gthunnerclef3o,gthunnerclef3o@irs.gov,eafa2a2e20a54dc5526e449595f302b7,Greg Thunnerclef,10/01/2022
134,jskyner3p,jskyner3p@cdc.gov,8200f3b05c134ce011e2bd64d7711426,Jaclin Skyner,07/03/2024
135,bmacronald3q,bmacronald3q@unc.edu,e41b432ed7a179be071b1078bb457444,Burr MacRonald,05/02/2021
136,ssanpere3r,ssanpere3r@livejournal.com,55f799f95ea37b76ba8e74870be34fec,Shaylynn Sanpere,03/11/2021
137,sgulvin3s,sgulvin3s@unblog.fr,35cb1cc6f592cea2a5c680c2dd8f4043,Simmonds Gulvin,05/08/2020
138,kdudeney3t,kdudeney3t@issuu.com,879309bb14f6669f4d908e309b06d18c,Karee Dudeney,04/02/2022
139,ssterrie3u,ssterrie3u@networksolutions.com,ab8ab3a9586c075137544240e8ca3064,Sheridan Sterrie,11/24/2023
140,dzelley3v,dzelley3v@lulu.com,73a14c6a91a9d68c9f47d4301e9d281c,Daune Zelley,04/16/2020
141,kfendlen3w,kfendlen3w@bloomberg.com,97c95d22be95a76bf4fcb8b9130ab4bf,Kendal Fendlen,07/29/2025
142,aroggerone3x,aroggerone3x@umn.edu,fd8c56c9d3dd21ff5e7b363026e76a74,Alleyn Roggerone,05/21/2020
143,ode3y,ode3y@washington.edu,bdaf353fe65c770e65d3bb49f5daac86,Osmond De Blasi,12/03/2023
144,kghilardini3z,kghilardini3z@msn.com,3f9e6186abf4f0b079331ff496baeb85,Kean Ghilardini,06/13/2021
145,llorenzini40,llorenzini40@usnews.com,4b6ccf6a1522517b5aa128a4e7090f33,Lynea Lorenzini,12/05/2022
146,gsivier41,gsivier41@netvibes.com,b84c79d2eb3f964aba9acf6dd1ea1470,Garvy Sivier,10/27/2024
147,pjocelyn42,pjocelyn42@cnn.com,534acc1121b65f2acd6d42a78bb886c4,Pearce Jocelyn,09/13/2023
148,rfraschetti43,rfraschetti43@cornell.edu,8af6a889bb4c222a7038669abb4ed40c,Ranice Fraschetti,09/22/2020
149,sstancliffe44,sstancliffe44@sciencedirect.com,000f7c55f8bf48e30b392f8390bfa40e,Simona Stancliffe,01/09/2025
150,dpaddick45,dpaddick45@rakuten.co.jp,a1be9a1ccb95c42701b2a52470fd2604,Drusy Paddick,01/02/2025
151,tmorewood46,tmorewood46@utexas.edu,4b9d8371a8da13d3d4893e7b6bc9485f,Tabbie Morewood,11/05/2022
152,bwestnage47,bwestnage47@sourceforge.net,ec38ef4b91103350c8f6316868829af2,Brodie Westnage,08/02/2024
153,dcracie48,dcracie48@cbc.ca,6a019baff9eb9959c8fd3753badffdbd,Denis Cracie,12/14/2024
154,rwillerton49,rwillerton49@dagondesign.com,67d72148e93071057015b580d583211c,Roshelle Willerton,07/03/2020
155,fsuff4a,fsuff4a@marketwatch.com,26cb4809df4172fda2b898a1e6d9abf8,Ferguson Suff,08/04/2025
156,terwin4b,terwin4b@unicef.org,551a205e11bebbeebcd9a422c522bb1a,Tabina Erwin,08/06/2020
157,oabbett4c,oabbett4c@opera.com,ce01fdc6a9f1401e3246110a6d477220,Oriana Abbett,10/26/2023
158,jfugere4d,jfugere4d@typepad.com,7597909a90a33c8d3be74de383c22412,Jeni Fugere,10/10/2024
159,pknifton4e,pknifton4e@behance.net,501330c4ae305643393d4931ad047cc7,Philly Knifton,10/22/2021
160,dwethered4f,dwethered4f@usa.gov,a059e0716b05dc8f0c79409e95516ef3,Dwight Wethered,03/08/2025
161,tbartley4g,tbartley4g@google.co.jp,cb6b0051d440616c73be7f13c4a31c73,Tate Bartley,02/02/2022
162,bfowgies4h,bfowgies4h@va.gov,d2b37980136480cd5167e9ae6fc41567,Boycie Fowgies,07/14/2023
163,cthorn4i,cthorn4i@bloglines.com,186d24b7b8518947f3945f9947a65766,Colene Thorn,09/28/2024
164,whing4j,whing4j@google.com,c02f5d90e2d0bf60724ed04d5d9625bb,Wilone Hing,11/26/2020
165,mallston4k,mallston4k@wsj.com,14c907ec8d6085958066034b6d3e7567,Mufi Allston,03/18/2025
166,olynnitt4l,olynnitt4l@nbcnews.com,f805a8a5ec24b4d8224138c4d522bce4,Omar Lynnitt,10/20/2022
167,astiebler4m,astiebler4m@google.com.hk,9091cebdd60d47f1626a3e8dbc2c550a,Alberto Stiebler,01/21/2023
168,cpandey4n,cpandey4n@nih.gov,3aceeb3915aad21ee1b835e91168c5fa,Cindra Pandey,09/24/2021
169,gslatter4o,gslatter4o@posterous.com,b1af53d0b9ae5acfd25af463c5af8cce,Glennie Slatter,12/09/2020
170,ttoping4p,ttoping4p@indiegogo.com,0d4556ef08f09457d34111eab8d1bcc6,Teodoro Toping,08/10/2024
171,snerger4q,snerger4q@printfriendly.com,acbc2567d5e0db2d1f96dd30f6b6aceb,Stanleigh Nerger,06/03/2024
172,bsaurin4r,bsaurin4r@ycombinator.com,c02890987d0469db350bf8348c3751d7,Bonni Saurin,07/10/2023
173,eleeds4s,eleeds4s@drupal.org,5bee9f2f070d7688149f7157fc92d37e,Erinn Leeds,02/15/2020
174,bwynter4t,bwynter4t@slashdot.org,60733649f2dcb8bc7c170ee5abcc60d9,Bartel Wynter,09/02/2021
175,khammatt4u,khammatt4u@xrea.com,c5403f417958ef3fbfbe60253c23c67d,Karim Hammatt,07/06/2024
176,hhebblethwaite4v,hhebblethwaite4v@csmonitor.com,460705266142ab2c154f86822e3ad2c7,Harris Hebblethwaite,10/28/2022
177,sdufore4w,sdufore4w@nbcnews.com,2017487ce67db5ba11fa5457abd2cccf,Suzette Dufore,08/11/2022
178,bgourlay4x,bgourlay4x@sfgate.com,c6633cbe303715553bc13a749e4f17a3,Beauregard Gourlay,08/27/2020
179,kinchcomb4y,kinchcomb4y@livejournal.com,59cce87a9803060a1272e26c1fb77c74,Kevon Inchcomb,11/09/2023
180,ktinan4z,ktinan4z@ezinearticles.com,44500fba9b2eb5ce5bfa52792599567b,Kaitlyn Tinan,07/13/2020
181,vdyke50,vdyke50@rakuten.co.jp,db4452f7594fccbc0d93f922d6c6132e,Vivienne Dyke,06/09/2024
182,dshelly51,dshelly51@tripadvisor.com,862d55e70d451741e02558d8196f0a3b,Damaris Shelly,03/13/2023
183,msurgen52,msurgen52@blogspot.com,eab8ac107687a9b75def421ad1f721ad,Mitchel Surgen,07/10/2023
184,zskeffington53,zskeffington53@github.io,bddb39fc43329346cd2eb631c37639c4,Zea Skeffington,02/20/2020
185,mcayle54,mcayle54@psu.edu,1906efbc422dffdbad6cf199ee678f5f,Marilyn Cayle,02/29/2020
186,sclyma55,sclyma55@google.it,f01a8ee2a15642dca479b21f0755880e,Shurwood Clyma,11/02/2023
187,rraffin56,rraffin56@hostgator.com,335d566bfd07a74c9d650f994be211be,Rhona Raffin,06/19/2023
188,evedyasov57,evedyasov57@ocn.ne.jp,3f85cd3bd8f73a1a867379a83718a3e9,Egbert Vedyasov,09/13/2020
189,kmacterrelly58,kmacterrelly58@marriott.com,012cbc1ae937a58d7bf17df0559cd8af,Killy MacTerrelly,07/09/2022
190,celven59,celven59@baidu.com,397e15cc363fa58b91a42a4ca11a7aa7,Corbin Elven,05/22/2025
191,edalliston5a,edalliston5a@state.gov,cd06a89659b237860adc7bf871e5bd16,Elnora Dalliston,08/08/2021
192,khandlin5b,khandlin5b@ox.ac.uk,7a31b77286d8b99d51fcc8040f7080b5,Kirstin Handlin,07/20/2024
193,avalti5c,avalti5c@washington.edu,bba1ff7229ce60d7111b119dc5e6b7db,Afton Valti,03/27/2025
194,wmaruska5d,wmaruska5d@techcrunch.com,508e048926e68a0c0b7ef2d89c714097,Wiatt Maruska,01/18/2024
195,ddransfield5e,ddransfield5e@elpais.com,544f1a75001075912bca83914fa742ba,Dulci Dransfield,03/28/2021
196,bhexum5f,bhexum5f@hc360.com,4aa31bb82b52e0acf041b6013b7f7160,Beitris Hexum,06/03/2024
197,vfawkes5g,vfawkes5g@google.ca,a3d7052be460121c8942b2399078baa7,Vincenty Fawkes,05/17/2023
198,rbennetto5h,rbennetto5h@samsung.com,12442c7aa990b5a0a13e9cbbc03699c0,Rhys Bennetto,10/02/2020
199,pprati5i,pprati5i@hibu.com,2af6964cfe6f85a27c295954f3e55a02,Perry Prati,09/02/2023
200,lhansen5j,lhansen5j@furl.net,353fb50598d364a9a19bf7192dbe43ad,Laurence Hansen,10/14/2020
201,acorcoran5k,acorcoran5k@ft.com,855d003feb5053b65e44d4cb25011695,Aubry Corcoran,03/30/2020
202,swaistall5l,swaistall5l@joomla.org,6ff51e80b1005dfba1bb360ae481176d,Stacy Waistall,11/25/2021
203,cswane5m,cswane5m@phoca.cz,497e76ae51c15a92172cc066d8b8d5c0,Clemens Swane,06/02/2021
204,jbutters5n,jbutters5n@umich.edu,ed1e41b878767954aa30d89dec996664,Julio Butters,01/13/2022
205,abrockman5o,abrockman5o@wikispaces.com,236bfe0627468854cfd91107ceb09987,Ara Brockman,10/25/2020
206,cglavin5p,cglavin5p@ezinearticles.com,6daea3cf8389e744fffd39f82e966f83,Carly Glavin,11/29/2020
207,wivashov5q,wivashov5q@youtu.be,da61c9214175a6f91b81a6790ea19313,Walt Ivashov,03/02/2023
208,pkinnock5r,pkinnock5r@friendfeed.com,7bb6d12763bda7e88009983067f42b8f,Patrizius Kinnock,03/09/2025
209,tperez5s,tperez5s@time.com,e11b3831eb51f4ea4c9d490d7a1cf457,Theodoric Perez,07/22/2024
210,creah5t,creah5t@admin.ch,05777cacb46e2c83fa8e611c5f67e5b1,Clare Reah,07/04/2024
211,nscrowton5u,nscrowton5u@cafepress.com,de8406ce68cf997cc0d90d3ee82d6ea8,Nappy Scrowton,02/22/2023
212,msalvadori5v,msalvadori5v@arizona.edu,1e164a8ba313f6bd3a205650061ecbaf,Merrilee Salvadori,08/05/2021
213,rcowey5w,rcowey5w@tamu.edu,94bb972b05eb69e2ee158cae76b3a61c,Reynolds Cowey,12/11/2024
214,mnelhams5x,mnelhams5x@umich.edu,9f82149aa6cae9d35c798511717872a4,Matti Nelhams,04/09/2024
215,rgillanders5y,rgillanders5y@cocolog-nifty.com,77e95c3e166935381a6431859dbfe685,Radcliffe Gillanders,11/01/2024
216,mpargetter5z,mpargetter5z@umich.edu,0f0a7e25bb941342a2f315a398a21c74,Mohandis Pargetter,08/22/2021
217,rrapinett60,rrapinett60@imgur.com,0b86a385eb0194988eaefacaf4e28e78,Reba Rapinett,05/09/2023
218,skeedwell61,skeedwell61@mapquest.com,6c3f9d034404631016684494f85a16f9,Susannah Keedwell,06/01/2024
219,aatley62,aatley62@paypal.com,22d0a976d578543eafe9799682b21b57,Ammamaria Atley,09/15/2023
220,llutton63,llutton63@hibu.com,f6639b78abd51024558aa192f7119ab9,Lexy Lutton,04/24/2024
221,hlenard64,hlenard64@hexun.com,a0fd585b3ac72eefa476cfd5ba6fbf61,Haven Lenard,09/29/2024
222,dmelchior65,dmelchior65@geocities.jp,e5584865c7673886b4a94eeeca6c2c23,Deeann Melchior,02/02/2024
223,jleghorn66,jleghorn66@merriam-webster.com,cce8b328e0cf76abf1eea1c42647dd43,Jeanette Leghorn,02/28/2020
224,msidebottom67,msidebottom67@webmd.com,bd4fd43c1e0a5806fbe279c3a8b99654,Miquela Sidebottom,08/12/2020
225,snewe68,snewe68@domainmarket.com,303bf527a65c31c35ecf387fd62d4326,Sharyl Newe,06/28/2021
226,arobberts69,arobberts69@cocolog-nifty.com,50c93f38f9609e66a25f97df6bb4abaa,Ahmad Robberts,10/16/2021
227,sleathe6a,sleathe6a@dot.gov,e535d303e5cfccc7e98d9b4454a43420,Samaria Leathe,09/23/2021
228,cdegg6b,cdegg6b@deliciousdays.com,d2242b4057462d3dbba1d898dda79d19,Cosetta Degg,04/12/2022
229,tde6c,tde6c@lycos.com,e05d00e11fae52fbb9469c60665212e5,Tannie De Marchi,01/27/2022
230,cdaouse6d,cdaouse6d@nifty.com,78c544c7b2ecc4faedf8770249ad2349,Colly Daouse,06/27/2020
231,ichyuerton6e,ichyuerton6e@shutterfly.com,a4454ff0f0e49770cd472ef6795dd1a9,Isidro Chyuerton,02/24/2023
232,fsquirrel6f,fsquirrel6f@hibu.com,967909d25005962d81109cd631617fe7,Freddie Squirrel,04/20/2024
233,gosmar6g,gosmar6g@deviantart.com,e58ae3dda8ec030bc3b3179a39c9742a,Grantley Osmar,03/16/2023
234,awarrick6h,awarrick6h@nydailynews.com,57ec4a79a3af639f8cd585781979a0a0,Ambrose Warrick,06/04/2020
235,hbowness6i,hbowness6i@pen.io,771504ff44dc904c172d1c4784d2f4cd,Hermie Bowness,01/17/2025
236,cgildersleaves6j,cgildersleaves6j@oakley.com,a3859720fd9c4ebd42d46464dcee9c25,Conrade Gildersleaves,06/29/2025
237,cmcclancy6k,cmcclancy6k@vk.com,53a7d0c85b11b2aba5026cff52244e0a,Chlo McClancy,09/20/2021
238,jpasmore6l,jpasmore6l@ocn.ne.jp,397b1d73362261a8c24c24628c9ff752,Job Pasmore,11/16/2023
239,phaythorn6m,phaythorn6m@apple.com,000cd72d59d251c7ce5454c26c49b18a,Padgett Haythorn,08/30/2022
240,mashtonhurst6n,mashtonhurst6n@google.de,b367daad1b13e6071bda445e4dbec0b9,Mikael Ashtonhurst,11/07/2023
241,spavluk6o,spavluk6o@wordpress.com,385968a53d7cce7707d9cd167fa6cc2c,Skip Pavluk,06/23/2022
242,shuikerby6p,shuikerby6p@salon.com,7203efb0f740dcee98edbe9b04cb583a,Shandy Huikerby,07/15/2023
243,etysall6q,etysall6q@nih.gov,71e488b3badca5a6786f0c92ba0107a3,Eben Tysall,08/27/2022
244,fshillaber6r,fshillaber6r@gmpg.org,530b17fbd9451d647151aeff2c4275b9,Fredric Shillaber,03/26/2024
245,lcorpe6s,lcorpe6s@gov.uk,1e845cda853cdf11949e841ba4360906,Lilly Corpe,04/27/2020
246,jlumsdon6t,jlumsdon6t@fotki.com,2503bcdcedbec81266b59fe8d28f6e4d,Juanita Lumsdon,12/12/2021
247,bparsonson6u,bparsonson6u@ocn.ne.jp,2d3a8381b8105586a83fb4a1d68fc54f,Bucky Parsonson,04/05/2025
248,eyerrington6v,eyerrington6v@freewebs.com,f01cc160514e8bd0392e803678d41f99,Elayne Yerrington,08/14/2025
249,graynham6w,graynham6w@vimeo.com,5fdfa1805ed4b9a6c027c9996f652ee3,Gillie Raynham,06/03/2023
250,hfenech6x,hfenech6x@cocolog-nifty.com,a1316d1a377b12be9736977f76a875c3,Holly Fenech,02/11/2025
251,tmetherell6y,tmetherell6y@alexa.com,0ba926e568ee57a611049a5f0460126d,Tadio Metherell,12/12/2023
252,mpeinton6z,mpeinton6z@ibm.com,7aa6d464f39d7c4a0526e05dedfd945b,Missie Peinton,02/14/2021
253,rtwamley70,rtwamley70@pinterest.com,200eec3315ca4b04de8c433935794c44,Raynell Twamley,10/31/2020
254,cfraney71,cfraney71@infoseek.co.jp,b737ba469058810a0887513d41386c0f,Callean Franey,03/28/2023
255,rfettiplace72,rfettiplace72@nps.gov,0f8e26762215cb6236ca8fe39b946e5a,Rhodia Fettiplace,01/20/2025
256,fkenright73,fkenright73@twitter.com,e8f1885a87ecda3dcf2e8babb050bcd0,Florencia Kenright,04/17/2023
257,zchristofor74,zchristofor74@ifeng.com,80892792ae6fc4a26e6a0df4a6e29c1d,Zacharias Christofor,08/29/2020
258,nmacvey75,nmacvey75@newsvine.com,e287a65879da449d9d0031743161b8df,Neil Macvey,04/30/2020
259,sginner76,sginner76@nasa.gov,c2ca5cda97d2085a3cde5022954ce148,Sherwynd Ginner,11/26/2021
260,tbugbird77,tbugbird77@elpais.com,4acc288c0b3037552956bb76afc11d7d,Trina Bugbird,10/14/2023
261,dmckinnell78,dmckinnell78@usgs.gov,a44a704cbcb44bd6197f5eafc5329824,Delainey McKinnell,12/09/2020
262,yhirche79,yhirche79@rakuten.co.jp,507a7a59dd1d6e5162a6d73a4aae7e5b,Yolanthe Hirche,07/23/2021
263,mgoddman7a,mgoddman7a@chron.com,18deea7068303ddebdab480b7462c86f,Mab Goddman,09/11/2022
264,lsedgemore7b,lsedgemore7b@shop-pro.jp,badf05db4d88c054c3d78c34b831a503,Ludovika Sedgemore,07/28/2020
265,tallain7c,tallain7c@yahoo.co.jp,9c2cc2ec9908b66f1b45f9e1c6c382f1,Torey Allain,08/23/2024
266,thadingham7d,thadingham7d@rambler.ru,1da76bcb9faacf1baac7d27e84dc2142,Tybie Hadingham,06/05/2020
267,ldarkin7e,ldarkin7e@guardian.co.uk,2f457996c1ccd601a44f035977a623e2,Lucila Darkin,05/25/2022
268,bshoobridge7f,bshoobridge7f@vk.com,e0c600dc57cfb78e20ad0ad6ac218136,Bobbette Shoobridge,07/17/2024
269,mduignan7g,mduignan7g@istockphoto.com,16fc7349db7a739edea7589301dd1e2d,Merrielle Duignan,03/27/2022
270,lphipson7h,lphipson7h@theglobeandmail.com,f4d41758c0bce78a1e07c40e8d8a0f18,Lethia Phipson,07/19/2020
271,reverleigh7i,reverleigh7i@goo.gl,210e7282c3f5b77be1499f1aee8f1a58,Raynor Everleigh,01/11/2023
272,vtumilty7j,vtumilty7j@tripadvisor.com,62631ce2f83d00335e2f6ac3baca1530,Vanni Tumilty,02/22/2025
273,klytlle7k,klytlle7k@ebay.co.uk,46d3a14121ece5967e3b1401bfeffbed,Katina Lytlle,12/05/2021
274,jtilling7l,jtilling7l@nifty.com,b3515df0900d9a9f30f39da35fc87d36,Jone Tilling,01/29/2023
275,jpeggs7m,jpeggs7m@cam.ac.uk,a74d8eb38b0a5601c3dfa32474fa1c86,Jaynell Peggs,10/15/2024
276,vpancoast7n,vpancoast7n@networkadvertising.org,6257b7a3d7bedc49a477c3acec88c9d9,Vickie Pancoast,08/16/2025
277,oivers7o,oivers7o@rakuten.co.jp,1b215a94b59781a11b095f56f12a36ce,Obed Ivers,07/22/2020
278,thamnet7p,thamnet7p@businessinsider.com,3856821adc1b3928575d02cc4b3790e6,Tito Hamnet,11/01/2021
279,nrelton7q,nrelton7q@mlb.com,3086688c9d0a5d00dd1da7d7e848c053,Nellie Relton,02/24/2020
280,fmecozzi7r,fmecozzi7r@omniture.com,83650740fe57c41d4668f9d3ad97d295,Fredelia Mecozzi,06/08/2020
281,lmewes7s,lmewes7s@etsy.com,e5079a60c257bc8ce6d08128a397b545,Leela Mewes,12/19/2024
282,vadey7t,vadey7t@typepad.com,5ccf6fd73d13c09970d159fba60d4da8,Veronika Adey,09/11/2020
283,gkingswood7u,gkingswood7u@tmall.com,c8da9cbfabe2e79c1e93472cfc88c5ce,Gallard Kingswood,07/25/2021
284,jskipping7v,jskipping7v@cnbc.com,9b07838c6644881cc67fd78fb7422cc4,Jess Skipping,03/09/2020
285,mbrightwell7w,mbrightwell7w@so-net.ne.jp,3265480716734fab7216f584316095f6,Madalena Brightwell,03/19/2022
286,rhaxell7x,rhaxell7x@guardian.co.uk,06759601ffd2de79f63e545bb618f01b,Rock Haxell,11/15/2023
287,hdrieu7y,hdrieu7y@booking.com,08fc9445dfc401f79d9680d3d2f9b0a2,Hedwiga Drieu,09/21/2022
288,hchurchouse7z,hchurchouse7z@deliciousdays.com,937a17dadefa39936ca1303b19a3ba97,Harlan Churchouse,04/07/2022
289,kpearson80,kpearson80@amazon.com,307add4ab9658246c1fc217d7ad2d83d,Keeley Pearson,03/19/2025
290,lblockley81,lblockley81@yale.edu,0218e27bf91f86abbe157ff1a32be9df,Louise Blockley,03/06/2023
291,ibeers82,ibeers82@bizjournals.com,ab63a4e0319e7ad24d8efda0884eceba,Issiah Beers,01/23/2025
292,dcoopman83,dcoopman83@aboutads.info,f12bbea887f12d184b1fd4fd1b5afdb3,Donny Coopman,02/04/2023
293,mchappelow84,mchappelow84@macromedia.com,de2f793533f479d946ef23c173ecd8b8,Meade Chappelow,11/03/2020
294,alillecrap85,alillecrap85@twitpic.com,b61ef18e1689189d35bbefe96f14af54,Almira Lillecrap,04/20/2024
295,agradley86,agradley86@feedburner.com,57e8bb61ad900686259bff2bb51a02b2,Anny Gradley,03/14/2025
296,fgarthside87,fgarthside87@furl.net,d0e5415aa2661a10f8ccd792e3819345,Farrel Garthside,07/28/2023
297,tandreazzi88,tandreazzi88@google.com.br,22b69413c2240eb6d544b3f503e37eb0,Tiler Andreazzi,10/06/2022
298,ssharville89,ssharville89@vimeo.com,d2dc840ec5fe10cf01d9ef043e9a2d96,Shepherd Sharville,05/29/2023
299,lpelham8a,lpelham8a@geocities.com,89c9ef81e03095ea20dac7710bc8bb48,Lindon Pelham,03/09/2025
300,mgerrens8b,mgerrens8b@instagram.com,83126e29b9c6b87fbfd5891fa66848e5,Myrtice Gerrens,12/21/2022
301,fparke8c,fparke8c@blogspot.com,9be6f0ad8072999eba191db2713633de,Flossi Parke,06/08/2021
302,fsutty8d,fsutty8d@diigo.com,500e1599ed2b99086a0e51d4165c21ae,Fernanda Sutty,02/17/2025
303,lblazewski8e,lblazewski8e@oakley.com,8676cbcaaebb7e66773f34ff094c272f,Lenci Blazewski,11/10/2020
304,wbrocklesby8f,wbrocklesby8f@stanford.edu,1f888a1f952a7c62f4fd7ac27e3e93cb,Wyatt Brocklesby,01/16/2022
305,rarson8g,rarson8g@furl.net,932a28ab8e8807555540761b678a67ff,Reynolds Arson,11/06/2023
306,esatterthwaite8h,esatterthwaite8h@whitehouse.gov,be32add2cc66ab035dfa1d2708497cb1,Eydie Satterthwaite,11/28/2024
307,jfraney8i,jfraney8i@wikispaces.com,b8bf72e02450c54ceb203f813d1f668f,Julita Franey,08/15/2023
308,jlidgate8j,jlidgate8j@xrea.com,482378f2a8de1bd0accffd9ec6b81639,Jo-ann Lidgate,03/04/2020
309,tnutty8k,tnutty8k@buzzfeed.com,6dc3334e2957a9210042147a2708a56e,Teador Nutty,07/25/2021
310,kbirt8l,kbirt8l@virginia.edu,82608d7e97895bea13ceb6df49f30f20,Kendra Birt,03/02/2022
311,ftruluck8m,ftruluck8m@mysql.com,89127cc3cd5d6539747aeae60ec5e141,Frieda Truluck,03/08/2020
312,ajanc8n,ajanc8n@list-manage.com,9caa1e6ba0901f4032bf93a8e0f5a8e0,Alyce Janc,06/07/2023
313,flegrice8o,flegrice8o@businesswire.com,f2487f6c3f0b663495ba8f81866672cb,Fayina Legrice,03/06/2020
314,jcrichley8p,jcrichley8p@google.fr,e1f9fcdd46198f4068b3d423f021616f,Jaine Crichley,10/14/2023
315,tdavydzenko8q,tdavydzenko8q@weibo.com,bfed537e376a19a220a206b47caeb8f0,Tony Davydzenko,12/18/2020
316,cferro8r,cferro8r@blinklist.com,55fcd2a75c38bea97eeabd1481ccacc4,Cosmo Ferro,01/12/2025
317,abooi8s,abooi8s@timesonline.co.uk,5df98004766d84bd2565e6345ec93406,Anderea Booi,07/13/2023
318,lwhitney8t,lwhitney8t@nhs.uk,b2ba5a48ed262806bd9b2cd3a3054555,Louise Whitney,09/19/2022
319,gmccolgan8u,gmccolgan8u@state.gov,4a52b15c1b733aa03d55667d8ec0050b,Garnet McColgan,07/22/2022
320,jbagnal8v,jbagnal8v@cargocollective.com,8b85df712edc98168634e397454be998,Jocelyne Bagnal,09/09/2021
321,kgolson8w,kgolson8w@japanpost.jp,a55e212b4a8b179919c1be84d67a18a4,Karisa Golson,01/10/2024
322,gwellum8x,gwellum8x@odnoklassniki.ru,fe8609dd8e233a88e7292a1cd5e24bba,Griffie Wellum,10/02/2023
323,amactrusty8y,amactrusty8y@123-reg.co.uk,b5b1d0fdcef74edf88c00b14abe61bd2,Arda MacTrusty,10/24/2020
324,aslisby8z,aslisby8z@sohu.com,8b799795aa0138a67be922bacb284888,Andreas Slisby,06/25/2023
325,cmacdirmid90,cmacdirmid90@salon.com,baada384af8476dc3ffca2e566e6520b,Carol-jean MacDirmid,05/28/2025
326,gjarman91,gjarman91@theglobeandmail.com,7087492f7f28f078766de54e8b9439e1,Gorden Jarman,09/20/2023
327,aludovici92,aludovici92@bravesites.com,853dd1e6945c4574946dccf0968340c6,Abbie Ludovici,12/11/2024
328,nshellibeer93,nshellibeer93@psu.edu,ca7908e6bd4b476fd1beaf7337e917b8,Nicky Shellibeer,03/01/2025
329,bphilcox94,bphilcox94@wunderground.com,0387cbfaaa76946e1358f777d55482ee,Bria Philcox,07/20/2025
330,fcharrisson95,fcharrisson95@qq.com,5b8a884da5509f0ebb7c32e7b5632df8,Friedrich Charrisson,07/06/2020
331,kkemish96,kkemish96@reference.com,e633ee64263b70dd8c59e9291fd0b307,Kendall Kemish,07/17/2024
332,tbogges97,tbogges97@icio.us,6533e11db5743233d1ab76610f0e6934,Tally Bogges,02/12/2021
333,acreaser98,acreaser98@addtoany.com,fe7cb1a0c5776f9c16dde903dbfec8cd,Alisun Creaser,10/26/2020
334,cwittrington99,cwittrington99@sakura.ne.jp,52123653837a3206bcd1020032266faa,Clive Wittrington,09/21/2024
335,rjevons9a,rjevons9a@shop-pro.jp,cb84a00b940f508088ffc1a174ff0eae,Rochelle Jevons,05/30/2024
336,hleivers9b,hleivers9b@google.com,ee46b7bccc3f4ad794d3c9e7a1f84cfa,Hamilton Leivers,03/02/2024
337,hveracruysse9c,hveracruysse9c@constantcontact.com,9f7ee165929891fbf4181a7853cf74e6,Holly-anne Veracruysse,12/03/2020
338,lziem9d,lziem9d@soup.io,939abaa7622a496aec20cbcca4644596,Lorelle Ziem,04/10/2024
339,tnutten9e,tnutten9e@wikispaces.com,298072a4bff6e81db7f00bfeb01d552a,Thedric Nutten,07/14/2020
340,cmullally9f,cmullally9f@51.la,4c9d3cb39844f5ad5a13b247fe71d36c,Casey Mullally,08/03/2024
341,afieller9g,afieller9g@cdbaby.com,bc69fc021b406b65f7d16b74ae2e5a7d,Alexandrina Fieller,12/03/2024
342,vwinsor9h,vwinsor9h@webs.com,b4585fcb4079672f751decc9bc3bdab0,Vitoria Winsor,05/11/2022
343,mharbar9i,mharbar9i@so-net.ne.jp,0ffbef860656c54f3530edc795682cd4,Moise Harbar,07/18/2024
344,taristide9j,taristide9j@woothemes.com,83fca1260c75cfc0cc31b03054d97c51,Thurstan Aristide,04/13/2022
345,kbritto9k,kbritto9k@clickbank.net,d6b1c3474a033bbdacb4899e5324d8d1,Kati Britto,05/12/2022
346,ebullcock9l,ebullcock9l@comcast.net,33a92ecb9b2e94f1fa8d395de10b36fd,Elena Bullcock,04/17/2023
347,ewallbrook9m,ewallbrook9m@gov.uk,01b5c7db09ff3e369b33b1774bdf672f,Editha Wallbrook,03/01/2021
348,lwhelan9n,lwhelan9n@imageshack.us,a995afba001ad28d405f72cfc3e9eb19,Leupold Whelan,07/26/2021
349,mlecointe9o,mlecointe9o@virginia.edu,d7210e7b8ee13cd4af8404a3375ff1d8,Maggy Lecointe,07/28/2025
350,kphettiplace9p,kphettiplace9p@google.es,9b09b336b261e3b7e5e5343679b6813b,Krysta Phettiplace,07/06/2025
351,lflowerden9q,lflowerden9q@newyorker.com,663c16258c544d24ed38326ce7a9c22f,Lindsey Flowerden,02/26/2025
352,anials9r,anials9r@chron.com,b27adb4c26fb40c4bcc9e1cadfde7005,Ariadne Nials,03/28/2020
353,ecatanheira9s,ecatanheira9s@elpais.com,9dea5438d40959f2afc75aa8c4c82612,Elle Catanheira,11/26/2022
354,saizikowitz9t,saizikowitz9t@gnu.org,43a01dcd84302e9368512fa4c146a7ee,Sherline Aizikowitz,12/22/2021
355,lmccardle9u,lmccardle9u@photobucket.com,61bb7e041eab8ffbedbecc255c7526cd,Llywellyn McCardle,09/26/2024
356,mgillbee9v,mgillbee9v@hibu.com,3e83ac486458a73a8da17951f91c7ac7,Maryanne Gillbee,05/12/2023
357,mhawkings9w,mhawkings9w@alibaba.com,f1b8417ffc5c7d0779aa6ab9b60faafd,Mel Hawkings,08/21/2024
358,gblumsom9x,gblumsom9x@goo.ne.jp,6e9eeab0bfbb648631231e05714eaed3,Gilburt Blumsom,04/18/2022
359,bshales9y,bshales9y@hhs.gov,244c98269a65ebf46165b089ddc223a0,Bradney Shales,01/06/2022
360,ssapauton9z,ssapauton9z@wp.com,5974886437e6b7a8e880f63334f932de,Salvidor Sapauton,03/10/2024
361,cickovicza0,cickovicza0@epa.gov,11f39c27e9af79a0c756024a62a02572,Cathlene Ickovicz,11/10/2021
362,oflelloa1,oflelloa1@sitemeter.com,22f618ec1106437d0b5e25194a197f0d,Olivie Flello,06/06/2021
363,tspeendena2,tspeendena2@vkontakte.ru,7ce6ab6993603cd7d89e877ed4d1eb9e,Tabbatha Speenden,05/06/2024
364,jellowaya3,jellowaya3@baidu.com,cf3155317d4f7dfc64b3a0cf06fcb763,Janis Elloway,04/05/2025
365,freilingera4,freilingera4@spiegel.de,11000c09eca636945cdf43720162b9e1,Frederik Reilinger,12/18/2020
366,lsidona5,lsidona5@wufoo.com,3ab2ebdb1da2d68b5e8edc045d36ba5b,Leodora Sidon,06/26/2021
367,aaloshikina6,aaloshikina6@mac.com,37670914293866761fd60655c426aaa5,Alysia Aloshikin,03/19/2022
368,rmeiklejohna7,rmeiklejohna7@sourceforge.net,dcb041aaeb6b0855b34ca6283910d2d4,Ross Meiklejohn,07/26/2025
369,esteffensa8,esteffensa8@theguardian.com,d1471db083af791e9a939b48fdce9f73,Emelyne Steffens,10/10/2024
370,zklehyna9,zklehyna9@privacy.gov.au,e42eceb9cf58b9ffc232843a7a356ec3,Zara Klehyn,02/01/2025
371,cmeertaa,cmeertaa@marketwatch.com,f5e63217e3655d423cca9c829b48fe3c,Corilla Meert,02/12/2022
372,dnaisbetab,dnaisbetab@ycombinator.com,20d2dc5e931cd8a829ceab6693d8dbaa,Daria Naisbet,04/24/2020
373,dalbistonac,dalbistonac@woothemes.com,b6bea943036016127c1c97cb4b050f60,Desi Albiston,04/21/2021
374,ccunningtonad,ccunningtonad@sitemeter.com,d42b96567c7b1581ee8c4c627f13736a,Chelsea Cunnington,11/23/2024
375,jmacgilmartinae,jmacgilmartinae@blinklist.com,43a1aa065c410f8fb2ff1fdcb23ab44f,Janith MacGilmartin,09/07/2023
376,eomaraf,eomaraf@wikimedia.org,2d99a3f56711b22de1490419457748fe,Erica Omar,07/27/2020
377,pchantag,pchantag@zdnet.com,3f9e41f20189c3751d6f7ee4265a18ed,Perrine Chant,10/21/2021
378,kroelsah,kroelsah@bloglines.com,2ca65dc1fc28893900aae696624a1fd2,Katharina Roels,03/03/2021
379,kramiroai,kramiroai@digg.com,f29d30cd5e014958b4cff95c13138c67,Kelcey Ramiro,12/09/2023
380,tjoaoaj,tjoaoaj@vkontakte.ru,2539cbe6b14acdc9e0c43cdf329bd5a8,Tore Joao,04/09/2022
381,cwhicherak,cwhicherak@newsvine.com,ca091f312af8c3e727f47e36b4f80df0,Cal Whicher,12/24/2020
382,dcruessal,dcruessal@unc.edu,62276dec47f5a590d5e5adf99dab1390,Durand Cruess,08/01/2020
383,abirchallam,abirchallam@smh.com.au,3a1e21bf9024b35efddfa4952eafe18d,Ashia Birchall,05/31/2022
384,ralloman,ralloman@squidoo.com,b44ad4644ab82adef258ff076c706d0e,Ruddy Allom,03/12/2025
385,ctesseymanao,ctesseymanao@so-net.ne.jp,7849051efa45e6399aa98d22c02bcbde,Charissa Tesseyman,08/18/2021
386,jzannolliap,jzannolliap@ucla.edu,11f5b967ef4e84c6204c23c672943ffa,Jana Zannolli,12/27/2024
387,hcathcartaq,hcathcartaq@sogou.com,c51440b223c9edc9ea839da5979505c2,Hulda Cathcart,05/26/2024
388,tfitzsymonsar,tfitzsymonsar@vkontakte.ru,96565f60ceb9f65bc198ed5da4107881,Tally Fitzsymons,05/18/2021
389,sshirtcliffeas,sshirtcliffeas@tripadvisor.com,e9f948d68600ca339aaebc8a6a176f4d,Sashenka Shirtcliffe,04/14/2020
390,wcowerdat,wcowerdat@moonfruit.com,ff4c75820063c862cde7eba519f4cea5,Wallache Cowerd,07/25/2025
391,smcalesterau,smcalesterau@parallels.com,1667d7a713750612c7548e5b5c24d61b,Seka McAlester,08/24/2023
392,jrusbridgeav,jrusbridgeav@mozilla.com,7944fc789d33eefe45869a75aee390e0,Jeanelle Rusbridge,08/29/2021
393,rmabeeaw,rmabeeaw@cafepress.com,2ca6fe655beb304edafa577bf6d5a2d7,Randell Mabee,07/18/2021
394,jcowingax,jcowingax@unc.edu,144bf91f71c923f912682eb95e5e6680,Jarib Cowing,05/03/2021
395,mlyndeay,mlyndeay@liveinternet.ru,b831077726726911dafc4c50396b7058,Mame Lynde,06/07/2024
396,wpiattiaz,wpiattiaz@digg.com,2ecdcbae389dcfd08a5e85ced18fe622,Wain Piatti,04/19/2023
397,ahalpinb0,ahalpinb0@pinterest.com,2d2afb82974ad613539dbdbab0e7d0a5,Ardath Halpin,04/24/2024
398,rimrieb1,rimrieb1@admin.ch,e17d8eaf65bb176d1496db49697c3d3a,Reinaldos Imrie,12/04/2023
399,slagesb2,slagesb2@i2i.jp,89ace78ba209644c5a9ab4d33bbdbe36,Saul Lages,11/18/2021
400,rdedmanb3,rdedmanb3@umich.edu,e4d397af2a2f8f576f9a6123dfabbe02,Ruthy Dedman,06/28/2020
401,bsilleb4,bsilleb4@odnoklassniki.ru,bccc9bd2fd0a07cedd3f0c20a15d714c,Budd Sille,04/18/2023
402,gpechellb5,gpechellb5@woothemes.com,a86c556f8c6048c1f825fd6999ca15ff,Giovanni Pechell,01/31/2023
403,isiveyerb6,isiveyerb6@i2i.jp,1550929496b8c673d0786fd26425db9a,Ibbie Siveyer,05/05/2025
404,lolehaneb7,lolehaneb7@mozilla.org,3c6fdfc8daca9f8a2dfee818a70bb553,Lindon O'Lehane,12/05/2024
405,mspraberryb8,mspraberryb8@ocn.ne.jp,be040131e5c74f7c0e9e4727ffa0277a,Melita Spraberry,03/28/2024
406,kquinlanb9,kquinlanb9@oracle.com,9777c2ef6ba16e66d607bb3201d86815,Kirk Quinlan,04/07/2022
407,gsimionatoba,gsimionatoba@stumbleupon.com,5d9cd9312f76c87b22f7db19048ac6b2,Ginnifer Simionato,12/30/2023
408,clinnemanbb,clinnemanbb@unc.edu,c9cb334a60007fc04cacac5451608db7,Caddric Linneman,03/26/2023
409,cwortleybc,cwortleybc@slashdot.org,8a3d4f21d487f75cbf63e413478b8efa,Clemmie Wortley,03/22/2021
410,rmackeeverbd,rmackeeverbd@bloglovin.com,3481e1b124de80002e07c065dd3b6e82,Rochella MacKeever,02/24/2021
411,rkentonbe,rkentonbe@europa.eu,93cef4c6dde0e1ac7f0a260d8899e559,Renelle Kenton,02/20/2024
412,lrobertbf,lrobertbf@wisc.edu,f88c8472a17582dda7ef59d3acd0bb95,Laetitia Robert,11/15/2020
413,ccopnellbg,ccopnellbg@miibeian.gov.cn,329fb009d5e764e13cc4d3b12d678aa3,Colver Copnell,09/13/2022
414,odunmorebh,odunmorebh@house.gov,4e2052531834ce8d8bdade1d7f3b1c00,Octavius Dunmore,03/09/2020
415,qbrannbi,qbrannbi@tinypic.com,31fbfecb7c133c6846ba8cf6b1755049,Quinlan Brann,01/07/2023
416,aguillonbj,aguillonbj@about.me,247a71b3ed9217683f0821b748710eb1,Ag Guillon,11/30/2020
417,tgleadhellbk,tgleadhellbk@umn.edu,3acd8d528fce509c7122a58461d6cd06,Tandie Gleadhell,02/27/2022
418,malenshevbl,malenshevbl@umn.edu,a79901622e0fb60efe647bdec24ec87e,Melissa Alenshev,05/30/2025
419,msuffebm,msuffebm@pbs.org,79a946306f4d8e30b024df0e6bdcfdda,Mano Suffe,12/08/2021
420,wsifleetbn,wsifleetbn@reddit.com,e6c551801a14ab2afa74ca8561890db5,Wini Sifleet,05/18/2024
421,ksergeantbo,ksergeantbo@economist.com,48224ac3effa072d089922df5ee3574e,Kate Sergeant,10/18/2022
422,emaccafferkybp,emaccafferkybp@cnbc.com,9d77db289511d9ade09710b9c041b60b,Elliot MacCafferky,07/22/2021
423,pdowbq,pdowbq@phoca.cz,4046a548e2e4abb23e4f9dd4d4aa7090,Percival Dow,06/11/2020
424,bkeanebr,bkeanebr@thetimes.co.uk,e951e3f5def5534061d0f580fc4b4867,Brock Keane,10/10/2021
425,bcomettibs,bcomettibs@timesonline.co.uk,c11157b4f55a857c2c99608e38cb09cb,Bryana Cometti,02/17/2020
426,jbearwardbt,jbearwardbt@free.fr,2d4ef0fb798197deec4d1f95d45a6bc4,Judie Bearward,06/23/2022
427,rvigarsbu,rvigarsbu@csmonitor.com,5762de960bf30c88d3faf890248ee73d,Rennie Vigars,02/13/2025
428,cgleaderbv,cgleaderbv@si.edu,8cc300632e2c5c3745616a280b3ea0c4,Cara Gleader,09/08/2022
429,rtompkissbw,rtompkissbw@fastcompany.com,73d371a6bbdccefc787e9cd599f4db0c,Rudd Tompkiss,01/29/2024
430,grohlfingbx,grohlfingbx@naver.com,31be5034b7dc3dfb396445a0f03fa511,Grace Rohlfing,12/15/2022
431,laleksidzeby,laleksidzeby@mail.ru,fd1df0e43238f22546ba021734cbbaf1,Larina Aleksidze,07/22/2022
432,gabramovitchbz,gabramovitchbz@4shared.com,208ee2830bcaa523c3d0de79c626e6ad,Griffie Abramovitch,06/30/2021
433,tgowrichc0,tgowrichc0@samsung.com,2942ca5e6e193f162937088d78e40830,Tracy Gowrich,09/26/2021
434,hgirardinic1,hgirardinic1@sitemeter.com,36d80120bfd8fbb1dba557f5720ef95f,Honoria Girardini,11/17/2024
435,cdaughertyc2,cdaughertyc2@harvard.edu,75f0475801ba18692533a5cd75a6415c,Cecilius Daugherty,05/04/2022
436,fgillfordc3,fgillfordc3@bravesites.com,13ec494677c877c51711a4b3a6c12ae9,Ferdinand Gillford,07/09/2023
437,pleiferc4,pleiferc4@ca.gov,8565381ef35b21e989e10a55af597176,Patsy Leifer,02/08/2023
438,dtideyc5,dtideyc5@pagesperso-orange.fr,b7cac2080d66aa3de4ed06a04ce4ed8d,Del Tidey,02/03/2024
439,dsackurc6,dsackurc6@hud.gov,9cf678ad55e556e82742c181229174ac,Darby Sackur,03/01/2022
440,gstrelitzerc7,gstrelitzerc7@who.int,47beb2b7a6498931d03a5b59c45d778e,Georgeanne Strelitzer,07/26/2022
441,kbowdreyc8,kbowdreyc8@opera.com,79ff719ebb3adbf3fc8b47071577ffc1,Kippy Bowdrey,09/13/2023
442,gpatriac9,gpatriac9@virginia.edu,ed2ef3baf31b9bc4e3ba752ea7c46b13,Gretna Patria,12/18/2020
443,aknathca,aknathca@usda.gov,4ecc1e33630ca3b0e246ca2712fbae72,Addi Knath,07/05/2020
444,gdcb,gdcb@prlog.org,2b46d30f3e3559471f4681b9baa9ed66,Gui d' Eye,01/13/2024
445,moriscc,moriscc@sun.com,ac84e3a102ad171c5062efdc948ede3e,Montague Oris,04/20/2024
446,nmillecd,nmillecd@t-online.de,9ce590f942db8b8203a8b2a7fe171c4c,Nita Mille,09/20/2022
447,rstaitce,rstaitce@mashable.com,957e1fe004259b4de08b7d4b8cbc63d7,Robby Stait,08/13/2025
448,nellesmerecf,nellesmerecf@home.pl,2ec180c890aa5f4611944538da08bfbc,Naoma Ellesmere,09/14/2021
449,ftrevearcg,ftrevearcg@china.com.cn,8e8ec312f1e68088ee323c1eafee5e88,Franky Trevear,08/25/2020
450,evineych,evineych@unicef.org,23c8a6fecb3a3f1dec3b8e50b449434d,Evelin Viney,05/10/2024
451,emacgeffenci,emacgeffenci@indiegogo.com,286ba0de65ae41373a1290d223ff5006,Eberhard MacGeffen,05/15/2024
452,hbreemcj,hbreemcj@ft.com,bbea978872be0301db27385eeb4cd44c,Humfried Breem,02/14/2021
453,ccruceck,ccruceck@huffingtonpost.com,1b74e54e128982846b3ebe7833d26a21,Cordy Cruce,03/15/2024
454,ehanrattycl,ehanrattycl@geocities.jp,722aceca691de8860079e85acd4a8f92,Essy Hanratty,12/28/2022
455,mlamploughcm,mlamploughcm@sakura.ne.jp,7c269040a0ab6bcf85b59d595b8eb1be,Mae Lamplough,02/18/2022
456,mokeevancn,mokeevancn@chicagotribune.com,bd5a5b2ab4c18c128dc44898a837eac9,Meggie O'Keevan,04/16/2025
457,scarassco,scarassco@wordpress.org,af1a9f7c9fc42e3cecc3d42900f60947,Sheppard Carass,01/09/2024
458,ccockercp,ccockercp@is.gd,dbfaaf9e0c88ee1c949f3b74276cafb9,Calida Cocker,09/12/2021
459,nmeahcq,nmeahcq@gizmodo.com,7016bac17c7b2fe2df6d84307f42705c,Nelie Meah,11/02/2024
460,rcromblehomecr,rcromblehomecr@twitpic.com,ce3e2329f29cd2c9ff629987fce8b265,Robinia Cromblehome,09/28/2021
461,lelkinscs,lelkinscs@senate.gov,7714bf5eefb5d4e4f7084578378173f7,Lory Elkins,07/19/2022
462,bolivettact,bolivettact@telegraph.co.uk,31e3ff8d5974420d7cc2ef87905952a3,Bettine Olivetta,12/07/2020
463,xmccloshcu,xmccloshcu@amazon.co.jp,e5fbaff66987ab076ac8b6f8e20cbe39,Xenia McClosh,10/17/2024
464,jklementzcv,jklementzcv@dagondesign.com,87e6ee2bc7fedc0abb61169c1b97248b,Jenda Klementz,10/17/2020
465,amcgawcw,amcgawcw@bloomberg.com,6ba4f8ebd5b03b247bb163470d2d7bf9,Allina McGaw,05/25/2023
466,pmacvaughcx,pmacvaughcx@mediafire.com,f58f88fd370aa7d161bb892b75a12540,Paddy MacVaugh,12/05/2024
467,tvolkerscy,tvolkerscy@godaddy.com,5ea14093fb3e78c291e34ef00580a8ce,Teena Volkers,05/22/2025
468,krollcz,krollcz@aol.com,da3ae62a632b3cb6c8a3a500bafa12f3,Karly Roll,09/15/2020
469,eantonssond0,eantonssond0@github.com,6bacf2f2051d558fedb96f2728d557bf,Eachelle Antonsson,06/07/2024
470,mparsandd1,mparsandd1@hexun.com,6c34fb19d3452ee38e842462c3c98bfa,Mirabella Parsand,02/10/2024
471,kcrannaged2,kcrannaged2@smugmug.com,616c21279f321fd26aa2d0982da19722,Kristopher Crannage,07/30/2022
472,jnijsd3,jnijsd3@imdb.com,04799170541942003c1e6cbe6de33a57,Jock Nijs,08/01/2025
473,bwingated4,bwingated4@github.io,06b623bc1dd81c5e06e3086364d6d1d7,Baxie Wingate,09/26/2022
474,afroomed5,afroomed5@ustream.tv,78a7a3477ff690ee6382894a5eb5ec3f,Adelice Froome,08/25/2024
475,oledingtond6,oledingtond6@census.gov,a9fcfe5e906715fed6a8f44ff2e43e7d,Othella Ledington,02/13/2024
476,lgodselld7,lgodselld7@github.com,9a06cce89ee033b1e5d2cd3113909915,Luther Godsell,06/10/2020
477,kbonard8,kbonard8@ovh.net,6de077f02da32fc1491c77b72878ebbb,Karlotte Bonar,09/23/2020
478,wfollettd9,wfollettd9@mac.com,e5c885e45cfedb39e35681d806f0a116,Wilie Follett,11/06/2022
479,bshaftoda,bshaftoda@craigslist.org,23eadaf6afc2514785f55e054c3acac6,Bettina Shafto,04/03/2022
480,matleedb,matleedb@squarespace.com,e5495a4e32b4bd2e8dd09094116ac172,Mariejeanne Atlee,02/01/2023
481,mperelldc,mperelldc@sfgate.com,551b8cafc030f5478470e163069454db,Margaretha Perell,08/26/2021
482,mmorfelldd,mmorfelldd@yellowpages.com,afb5f4fc7a14c31421541cb1be678252,Melvin Morfell,04/19/2021
483,fwelhamde,fwelhamde@istockphoto.com,1aa0ed016ecaeffa78805d13653af1ae,Fidelity Welham,11/10/2022
484,ahoobandf,ahoobandf@cornell.edu,58c52a8fbf9a2e6d652e5717fc9c11e5,Arnoldo Hooban,04/10/2024
485,tdavidssondg,tdavidssondg@virginia.edu,589e2ca7fb6ed064505c26cad31c4cdc,Trix Davidsson,08/26/2023
486,cgonningdh,cgonningdh@google.com.hk,2fae49ec4bda9c1bea30ebdb0b5c50f2,Chase Gonning,03/09/2022
487,tgreenwelldi,tgreenwelldi@sfgate.com,ff966ba9580c8947fae795a9770d3ed5,Torey Greenwell,08/10/2025
488,dgaulddj,dgaulddj@bravesites.com,37d0953f48a2478741e9e36d9a20b894,Derron Gauld,09/11/2020
489,lbagwelldk,lbagwelldk@skyrock.com,a62b1a92b4cdca31e2d395dedd451f5f,Lacy Bagwell,05/20/2023
490,rpaveydl,rpaveydl@latimes.com,dba3a8576c13ca2b15bdfd04e2a7428b,Ronald Pavey,09/02/2023
491,gsprulesdm,gsprulesdm@scientificamerican.com,59f626970fed5602e5e677baaa9cf454,Gothart Sprules,11/16/2020
492,ylawriedn,ylawriedn@comcast.net,d00a7e1e6d3980482e5cca1368fa3396,Yuma Lawrie,07/07/2024
493,kkalderondo,kkalderondo@cbsnews.com,bf7d0af4066faefc961a3f0c603fd48e,Kayne Kalderon,04/22/2024
494,dtrokerdp,dtrokerdp@odnoklassniki.ru,e3be0043753f3c9385d937950e3cc4d5,Dalt Troker,09/12/2023
495,icostadq,icostadq@dyndns.org,484d44cd26717b8d9644a0e80ddb8cf9,Iosep Costa,05/18/2023
496,gizchakidr,gizchakidr@blogger.com,9b36b37559708eec61f75cb9ee81075b,Garrick Izchaki,05/16/2025
497,ebrunetonds,ebrunetonds@arizona.edu,34eee90afda1446b39649d5dfce64729,Em Bruneton,07/02/2025
498,pagrondt,pagrondt@netvibes.com,b5d8e5c4b01db96028f795c15c21ab37,Page Agron,11/15/2021
499,surlingdu,surlingdu@marketwatch.com,bdb275c438e74285c0c60c4dec2c39dc,Saree Urling,06/03/2021
500,kreiglardv,kreiglardv@gov.uk,521286dc194ad8f8fee0ff58880406f5,Kennedy Reiglar,05/09/2025
501,dmugedw,dmugedw@wikimedia.org,c3b9df9b643fdefc93448e8ca4814236,Dorrie Muge,08/04/2023
502,aknottdx,aknottdx@yelp.com,0ce9a4143a34963b53a663149919a4fd,Ashton Knott,05/11/2024
503,vfrilldy,vfrilldy@ovh.net,e078cc8c32ec25130a881342cdb7371d,Virgie Frill,02/24/2022
504,wfilipczynskidz,wfilipczynskidz@latimes.com,296b06e11e30a38e0ad6f002e9708560,Wendie Filipczynski,11/20/2023
505,mhaslame0,mhaslame0@facebook.com,943aa420d9fc096512ff4cc7476cfbdd,Marylinda Haslam,12/28/2023
506,claughtissee1,claughtissee1@typepad.com,8bda67cbe34cf21c32e0a1b682f3eafa,Cary Laughtisse,12/14/2020
507,acontie2,acontie2@kickstarter.com,d0f0a50f1c31919b099546fd0e20aef2,Arnaldo Conti,01/10/2022
508,tbaudouine3,tbaudouine3@sciencedirect.com,c2cfe3c64d369cf2b6f448eeddb2c1ec,Todd Baudouin,11/04/2023
509,rcoatese4,rcoatese4@bloglovin.com,cccc8c68d4b9ba9ef7f7653aa42df244,Rupert Coates,04/16/2020
510,nhebditche5,nhebditche5@shop-pro.jp,abd96a4fa6137d91cb8ad4f579936146,Nessa Hebditch,04/14/2023
511,rhanbidgee6,rhanbidgee6@cnbc.com,1a14a31fd2c2d60857700736e4350ac3,Rianon Hanbidge,03/24/2023
512,asawle7,asawle7@edublogs.org,5cfbf56bf2c597c1864ab425caacf019,Adrian Sawl,11/02/2024
513,ssteane8,ssteane8@51.la,1f8b8cb26c5b09bdb6a13ea0928e5730,Sue Stean,02/15/2023
514,cdebname9,cdebname9@example.com,2ad4dca1c2d695b71c27b3d2fec23e95,Cornall Debnam,09/23/2021
515,nwagenea,nwagenea@a8.net,449091a4e1eea5d03b9d987c0bffbd51,Nataline Wagen,11/18/2020
516,cshebereb,cshebereb@skype.com,d73cec8db5cdf59c43eef6392e2f42fa,Chilton Sheber,01/26/2024
517,nfranzec,nfranzec@ca.gov,907a4afd77e899d03d9fe5ffa6831c51,Nan Franz,09/15/2020
518,gsuthrened,gsuthrened@cyberchimps.com,418fec8f213ddee72112c53729ec2c4c,Gaylor Suthren,01/22/2025
519,glangstoneee,glangstoneee@smugmug.com,e2193fb7035b42a9846e6e5e5e7f5c8b,Georgetta Langstone,05/10/2020
520,dkennettef,dkennettef@java.com,20afc653486dc49db63e323c8eaf5f81,Donnie Kennett,04/29/2023
521,khartgilleg,khartgilleg@histats.com,18ca24dd2e8792276323883bee8db00c,Katharine Hartgill,03/09/2025
522,ddunridgeeh,ddunridgeeh@tmall.com,9ae50ef8138bb7cfe361293eef7e8fad,Dyanna Dunridge,05/17/2022
523,mmckallei,mmckallei@paypal.com,d3199b6946e29b262b5b617d0b39ec7a,Marybelle McKall,12/02/2020
524,emulfordej,emulfordej@myspace.com,73a3be4e01b5f24ab392b21d1b1b1aea,Ebony Mulford,08/15/2020
525,bwanleyek,bwanleyek@wired.com,d83dd6519347d352e0540e10684f46c5,Brynn Wanley,06/17/2022
526,baluel,baluel@sohu.com,71953ccf5757e812f09993c5da0bcb17,Brandy Alu,12/31/2024
527,pyuillem,pyuillem@linkedin.com,b9a0c50267663237f69a7186cf87aa5c,Pauly Yuill,03/28/2024
528,gmiskenen,gmiskenen@barnesandnoble.com,50b136e3082e5689bf1df4ee0c5020c6,Gwyn Misken,03/12/2020
529,mcarriereo,mcarriereo@alexa.com,6b7bfc4600a4c623c8f7b36069a0e7ef,Maxy Carrier,01/24/2022
530,hcowlasep,hcowlasep@ning.com,c2371b0524b4c19914e9e15b5ca7fb76,Hilary Cowlas,03/17/2023
531,celsmoreq,celsmoreq@intel.com,0e8a06780451980fef7466aee78372d6,Charmian Elsmor,08/31/2021
532,hfilipychever,hfilipychever@booking.com,fe1c795e65a80d9dabfd7489ef34a62a,Helaine Filipychev,01/14/2025
533,ewroughtes,ewroughtes@webs.com,479f1ae40969eefaf4621fe3fedc3319,Elicia Wrought,07/11/2021
534,bswayslandet,bswayslandet@desdev.cn,4d96d341c791519cb91fac85cb033bbd,Bonnee Swaysland,07/25/2023
535,dchippineu,dchippineu@dropbox.com,fc343ab6ee1bb59dd601587ae1d12bf7,Di Chippin,01/25/2020
536,bdebneyev,bdebneyev@scribd.com,7070ae996e560e610fe1cce9e413d1fd,Bondie Debney,08/31/2020
537,sdosdellew,sdosdellew@so-net.ne.jp,2474d1aae8a5a3a56073f08eea413731,Shurlocke Dosdell,02/27/2020
538,slongriggex,slongriggex@buzzfeed.com,7c4334b71fdafd56831310e498f9fa13,Starlin Longrigg,10/29/2023
539,mlysey,mlysey@stumbleupon.com,6ca4b288dea66d2fc793a49a65971376,Mathe Lys,03/19/2023
540,cpoynzerez,cpoynzerez@bandcamp.com,f20ca7dc497404b97442f06fa0ff762b,Cleon Poynzer,07/03/2023
541,adef0,adef0@cargocollective.com,696063fcecf20622445e35e49972907a,Ania De Ferrari,04/21/2021
542,nkennewayf1,nkennewayf1@yahoo.co.jp,cbadc6d6d492ff8166a4cf9fcea56902,Nettle Kenneway,09/20/2024
543,tsnodenf2,tsnodenf2@phpbb.com,0f1cb6dbf2b759b0470a439d8343f0ec,Thedric Snoden,02/05/2025
544,rfenbyf3,rfenbyf3@craigslist.org,162469ca1ba920b62d51ada813d35267,Roze Fenby,09/02/2023
545,abrammallf4,abrammallf4@sourceforge.net,c3e8be9aa049cea9667659be50a8e48b,Ad Brammall,04/02/2020
546,vlennief5,vlennief5@statcounter.com,982d2960e500caa2b7c00fe8d08c87b3,Vaclav Lennie,11/13/2023
547,aelhamf6,aelhamf6@elegantthemes.com,0747ea906fe6393ce8c19dfbfd36fe4b,Aili Elham,08/17/2021
548,cgairdnerf7,cgairdnerf7@ibm.com,80773c3838dd79c0bcd6d39292a81b6b,Carlos Gairdner,02/12/2022
549,peaglenf8,peaglenf8@skype.com,74c91f752aa346a3e277afd1c47049ca,Patrizio Eaglen,04/20/2024
550,arodrigf9,arodrigf9@merriam-webster.com,4ab90376f4deded175ad7b515c34f7eb,Arel Rodrig,03/18/2024
551,mdottridgefa,mdottridgefa@cam.ac.uk,f5db8ca982f4ff56e75f792fcf30bd58,Manda Dottridge,05/22/2024
552,hsmeesfb,hsmeesfb@flickr.com,f0245f499336445699c44c208d62b0d1,Hilary Smees,12/20/2020
553,mfrancescucciofc,mfrancescucciofc@amazon.co.jp,79f7b1b1c8ea935f0e825fe7c559d9e9,Modestia Francescuccio,12/11/2024
554,tportalfd,tportalfd@army.mil,4896c0fe68ceaef2d92335b6cfbf850c,Toni Portal,01/20/2020
555,rduerdenfe,rduerdenfe@timesonline.co.uk,aa8c0c0f91cadb69faa693c052691d23,Roland Duerden,01/08/2025
556,rorderff,rorderff@friendfeed.com,51206fee44fcdfd4c48c775a2998dc9a,Rolf Order,10/13/2023
557,uallsupfg,uallsupfg@bloomberg.com,338f3c30e2b00277060c2c4a2703bca1,Ulrike Allsup,06/01/2021
558,mpicfh,mpicfh@i2i.jp,21d7a337192d5101885571d879d14822,Moe Pic,03/13/2023
559,lrockellfi,lrockellfi@booking.com,423db41ada3e28aa8fca006600b601f4,Laurent Rockell,03/07/2021
560,lpatkinfj,lpatkinfj@spotify.com,19221db69c669d7d245485bdcb23f334,Lazaro Patkin,02/13/2024
561,pshallofk,pshallofk@lycos.com,c364e777f8545ae281c71ef3efa1b5ce,Pasquale Shallo,09/27/2021
562,ethorsenfl,ethorsenfl@trellian.com,48a6ceb3323c2e2999bca262d80a1812,Ernest Thorsen,06/20/2024
563,lnelthroppfm,lnelthroppfm@google.com.hk,ad75ebf9383b57adbedc11e3fb19d757,Lonnard Nelthropp,10/25/2021
564,worvisfn,worvisfn@elegantthemes.com,8a3ce4f8cb99f2e8237faf7a9c131543,Wiley Orvis,03/30/2025
565,ziglesiafo,ziglesiafo@dion.ne.jp,e2bcef0704a885918534dce8b5baa98b,Zulema Iglesia,04/19/2024
566,ofishlyfp,ofishlyfp@senate.gov,297a7ecd8b15c2560dd8e6d9e080f96a,Ogden Fishly,11/20/2020
567,vpatkinfq,vpatkinfq@google.nl,797855a0442c53327129f694c67b618c,Vance Patkin,05/13/2023
568,rillwellfr,rillwellfr@qq.com,d439d3f9181ba9b7a8fb6daddf63265a,Richmond Illwell,10/27/2022
569,ypopleyfs,ypopleyfs@hp.com,01d0775ed5cfe786ff556cc1527e11fc,Yorgos Popley,09/30/2022
570,bdalyielft,bdalyielft@tinyurl.com,05265aa90d0f6bc50d7944207c197a06,Bryanty Dalyiel,06/08/2024
571,rjerrimfu,rjerrimfu@cam.ac.uk,e884a14f420bc0618f1b40474460a163,Rayner Jerrim,03/08/2023
572,mmatchesfv,mmatchesfv@networkadvertising.org,0301887314ce84d1bcb6d2651393e24e,Malanie Matches,02/26/2024
573,mseagravefw,mseagravefw@indiegogo.com,7c6928df3a629041fb76e6a4e4d04cab,Maurizia Seagrave,10/07/2021
574,aalbersfx,aalbersfx@omniture.com,39d618eb6a868bd27dbdf99879799acc,Ade Albers,12/18/2021
575,ftedridgefy,ftedridgefy@un.org,9e2b555e3397268431bdabcbe0dc37e8,Fergus Tedridge,07/28/2020
576,ktowerfz,ktowerfz@bizjournals.com,e924a5d41fb0141364f941007545839b,Kayne Tower,04/02/2020
577,istentg0,istentg0@e-recht24.de,e8832328f1bf82b734e674bf53623dbf,Indira Stent,03/01/2020
578,gsokellg1,gsokellg1@livejournal.com,896f5b6240288f512a3f1c7b09681164,Gusty Sokell,12/30/2023
579,lteagerg2,lteagerg2@multiply.com,1a2e0e2ef90c186464e80524a74a7b8b,Licha Teager,06/06/2024
580,bhinkinsg3,bhinkinsg3@comsenz.com,47c4ae773fd78f13a78108a279e97a7f,Billy Hinkins,07/17/2024
581,ktownsendg4,ktownsendg4@lycos.com,1bac113717c4cc4cb8dc43cba5bf802d,Kippy Townsend,04/15/2022
582,klammieg5,klammieg5@pinterest.com,ffc2409844d27c8f50cfb6c20ca3c67f,Kali Lammie,12/17/2022
583,dlinnittg6,dlinnittg6@cam.ac.uk,294734097584fbc4604a4f16f53d0351,Dallas Linnitt,03/29/2023
584,mtooheyg7,mtooheyg7@amazon.co.uk,b493b918c247d8bb20a4eb8fe1350b72,Mellisent Toohey,04/04/2024
585,jcastagnerig8,jcastagnerig8@intel.com,373d3462ccf69e629be2b79179faca93,Junina Castagneri,02/28/2022
586,bmarzeleg9,bmarzeleg9@webs.com,17bd550401065e15963f67be879720a1,Benedick Marzele,01/16/2025
587,nchaferga,nchaferga@un.org,0223f6b8b7f330fa9bd4bb60c8a96759,Niven Chafer,07/15/2023
588,ksloragb,ksloragb@google.com.hk,424d14f91bb39d902a04859ef54126ab,Karl Slora,09/30/2021
589,hildengc,hildengc@wikipedia.org,8504dfcde3557c2b4b79476834f4b4f5,Hildegaard Ilden,12/09/2022
590,idevanygd,idevanygd@hugedomains.com,b795321bb369b9eaa004618d2130c9ce,Ilyse Devany,11/04/2022
591,mfeuellge,mfeuellge@npr.org,85a14c1a25e7812072c5f9571baafbd4,Mead Feuell,11/13/2021
592,mmaskellgf,mmaskellgf@imgur.com,927caa6b0463f66f41459e9c51311ce2,Melisse Maskell,09/09/2020
593,bgothrupgg,bgothrupgg@etsy.com,de36845ef821846f789f3ee66ee0b82f,Brooks Gothrup,08/11/2024
594,ajuangh,ajuangh@parallels.com,6a5cf3a286a9254eb71014049c575fcc,Ashly Juan,12/12/2024
595,dserrelsgi,dserrelsgi@ucsd.edu,a643e742075b035d4b4fbd85327378c3,Dalila Serrels,04/21/2021
596,aduddellgj,aduddellgj@newsvine.com,4944b40125ee8b66bebd49439a334956,Adriano Duddell,12/13/2021
597,tdewersongk,tdewersongk@is.gd,c02981a7bc8bd1760154ad2284ba74af,Tynan Dewerson,08/18/2023
598,mknevitgl,mknevitgl@alibaba.com,18ca7b27b059e6dbb2c084f1136c3bfd,Marta Knevit,02/09/2025
599,elowndsbroughgm,elowndsbroughgm@zdnet.com,5a45ac2736164ed53ed33d85837fe846,Evangeline Lowndsbrough,05/28/2024
600,lsitwellgn,lsitwellgn@paypal.com,74ac2af1352569fdc5e9c5c53e4d79f6,Lisetta Sitwell,08/13/2020
601,tchaineygo,tchaineygo@theatlantic.com,55698c4839b1d21f133c08801c3b833d,Terrell Chainey,11/27/2021
602,ydurngp,ydurngp@ameblo.jp,825484a166a2d91facae1603085b2968,Yardley Durn,02/25/2022
603,cmcalindongq,cmcalindongq@meetup.com,404c078c61a2adda28ebed2718274e29,Corie McAlindon,06/10/2021
604,mlettucegr,mlettucegr@ocn.ne.jp,764d0f84a0d567d551119b0c9fc79a3f,Magdalena Lettuce,08/18/2022
605,mthickinsgs,mthickinsgs@timesonline.co.uk,f30c8dca39e51837c3d3ec5e1b288dd9,Moshe Thickins,02/26/2020
606,ttwinbournegt,ttwinbournegt@eventbrite.com,a7638e7c9df52c3a9b59991d8fe27a8c,Tamas Twinbourne,10/01/2022
607,chowsegu,chowsegu@hatena.ne.jp,5d6d76403b5523e1185aaf77ec90c5e8,Ches Howse,07/28/2020
608,jwimpgv,jwimpgv@elpais.com,8bb0b628c1f391e751098a998f96d5ec,Juline Wimp,07/03/2021
609,tteeneygw,tteeneygw@seesaa.net,0c6b419fd4d85f613cd5df5b6d6bfe59,Tremain Teeney,05/31/2020
610,hbadsworthgx,hbadsworthgx@theglobeandmail.com,e47a5c407eb15afd7c9f1c7a2851eee8,Henriette Badsworth,11/12/2023
611,lgulygy,lgulygy@nbcnews.com,989296941d0cdd76e935fc5aa6b3e2f5,Linda Guly,02/10/2025
612,cscutchinggz,cscutchinggz@uol.com.br,ad0cd404f41102c6a9f922df97325fe8,Chelsey Scutching,02/25/2020
613,jwellerh0,jwellerh0@qq.com,bfc17b11a661574acad00258e94eec77,Julianne Weller,07/16/2024
614,iarrundaleh1,iarrundaleh1@vk.com,4935bd1e55091ec996c8ae508f92e38c,Isidore Arrundale,11/15/2024
615,mseymerh2,mseymerh2@samsung.com,3065b70aacf902df00e34c47fa06b24a,Mallissa Seymer,06/24/2023
616,bkilfordh3,bkilfordh3@cam.ac.uk,30843f952de395da3a33ace007a26ea8,Burnaby Kilford,03/21/2022
617,sbaggetth4,sbaggetth4@cnbc.com,d99aa20df3da730cea7956669f6c9b7f,Sunny Baggett,08/28/2024
618,hhalbeardh5,hhalbeardh5@dedecms.com,a205fd975a9883f808827b5ad637cbdd,Hank Halbeard,02/05/2024
619,hseniorh6,hseniorh6@cnet.com,3be2d05ee3fe68ecde8ccf7b565b6cbf,Holly Senior,10/08/2021
620,cshearmeh7,cshearmeh7@alibaba.com,6f768f5bd401e3ec656e79f505d64e6a,Carlota Shearme,02/20/2025
621,lrowantreeh8,lrowantreeh8@symantec.com,ed41b5981b2586c4d5ccdbd3aadaf91c,Luciano Rowantree,01/16/2020
622,mcleeverh9,mcleeverh9@yelp.com,f30dd63f8db2b4689a4beab3e114851a,Milo Cleever,01/22/2024
623,sskelhornha,sskelhornha@wordpress.com,b5feee1a16d45b9ca6719a9f1dc2dddf,Seth Skelhorn,01/22/2020
624,hcicettihb,hcicettihb@google.cn,07c5cd12ef64031b83e9d5acb53f2f3c,Hastings Cicetti,02/06/2024
625,mborehamhc,mborehamhc@umich.edu,ad0e1d7d59ad6c0d266603a2f4a499a8,Mead Boreham,08/06/2023
626,cbrentonhd,cbrentonhd@unc.edu,db84de4c8c0125b7f2837bd97309cd74,Carmelina Brenton,07/20/2025
627,psansumhe,psansumhe@hud.gov,e343d1ab30c575e93bdb73e0d6f4b329,Padriac Sansum,12/23/2020
628,agahanhf,agahanhf@dion.ne.jp,e205961d32f2f76577394f198e571c67,Alvis Gahan,05/12/2022
629,bshuardhg,bshuardhg@yale.edu,bb89051eeb75699bbd9b645ec203b1fd,Beaufort Shuard,01/15/2020
630,ascutterhh,ascutterhh@pcworld.com,ed362ed0562a1a19ba26b2cd40db7361,Agathe Scutter,07/14/2024
631,hbilbiehi,hbilbiehi@51.la,7fb05b58eccae7748fcb60fc61ec0be4,Haleigh Bilbie,07/18/2022
632,vrowdellhj,vrowdellhj@topsy.com,9e4301b2f9570fa1be2b1dae0e964966,Valeda Rowdell,01/05/2023
633,rdictushk,rdictushk@nymag.com,f3d82af06a9f929ceb9c3b26e3d8f8e2,Rudolfo Dictus,03/17/2021
634,dlynockhl,dlynockhl@shutterfly.com,c314bc59ba8875cc57379e5b2f50e5e5,Dav Lynock,08/16/2024
635,jwigganshm,jwigganshm@usgs.gov,df546e792c1ce8bfa89f8e15e5522e03,Johnathon Wiggans,03/29/2023
636,cbundockhn,cbundockhn@com.com,2762f5d0fd5801010ea9649f41cf93b8,Carlyle Bundock,06/06/2024
637,hlinnockho,hlinnockho@sakura.ne.jp,a7d83a1725e0764ae9a4dfda224fb6f3,Hilliary Linnock,02/24/2021
638,jnelliganhp,jnelliganhp@printfriendly.com,c9537bea203757d2c6ae6e193ece96e5,Jaimie Nelligan,11/05/2024
639,gsortonhq,gsortonhq@washingtonpost.com,43ade379bd9202f96a6754a5d606ea30,Gian Sorton,03/06/2022
640,rsewallhr,rsewallhr@miibeian.gov.cn,8ac1aefab4a2621e3e0fe50d1c25f254,Rachael Sewall,09/13/2021
641,eworrallhs,eworrallhs@businessweek.com,65338ffe78c63455a2eae493251681fd,Ewan Worrall,02/22/2020
642,mbreawoodht,mbreawoodht@xrea.com,2dcd9631ca490764c3e47eb9122b8e61,Maybelle Breawood,05/29/2024
643,doshesnanhu,doshesnanhu@wsj.com,dade2cab6de61871fea96a37facb197c,Dotty O'Shesnan,06/24/2020
644,bshackeltonhv,bshackeltonhv@dagondesign.com,71aa586315b2e28b6458fa98977742c9,Barret Shackelton,10/05/2022
645,rfaiershw,rfaiershw@chron.com,4c52b1751dc5309952ddd94a2fa42782,Roseanne Faiers,07/31/2021
646,lofallonhx,lofallonhx@tripod.com,ef1cdcb126c35cf21b033da56cce0920,Lynnell O'Fallon,05/24/2023
647,dspeermanhy,dspeermanhy@people.com.cn,e6c71056cb022340eb43e6180ec3a351,Dilan Speerman,07/05/2022
648,tslinnhz,tslinnhz@cam.ac.uk,889cf1e44eaef1a7574232d2c4f757d4,Teriann Slinn,10/17/2023
649,fhubandi0,fhubandi0@jigsy.com,225b5ad71b379e4adb709962ed0652c7,Floria Huband,07/21/2025
650,hlabrenzi1,hlabrenzi1@fema.gov,8165ebc0417ed72502a4b029df4c8085,Herold Labrenz,02/08/2021
651,slucusi2,slucusi2@elpais.com,426ed6b9e38138546ebd697e50df83d2,Suzanne Lucus,04/18/2022
652,nbresneri3,nbresneri3@skyrock.com,852d98a1e436d1e64b8ce2f1ac341b2b,Nellie Bresner,10/14/2022
653,ebeddingi4,ebeddingi4@51.la,36839301c7bfcbac5602eadaae9802de,Em Bedding,11/29/2020
654,otonbyei5,otonbyei5@twitter.com,35672a63ed28d4cd01d44f87e6563901,Orville Tonbye,04/03/2021
655,nbeamsi6,nbeamsi6@newsvine.com,ef9a9d66b7751ace7c4a8e185b0317e0,Nonnah Beams,08/31/2023
656,jhavei7,jhavei7@imgur.com,60a70ec3d063b6b441e59f4bfad003f8,Janos Have,02/19/2024
657,gruckledgei8,gruckledgei8@sina.com.cn,f0f11491a93a5abe1b5aa616af0b2d52,Grethel Ruckledge,12/20/2022
658,cpobjayi9,cpobjayi9@noaa.gov,9ecf3b3c4df5d4744a2c4717208741be,Carolan Pobjay,11/13/2021
659,tlarkkemia,tlarkkemia@washington.edu,3b707a6dc8532969599a611d7343e44a,Tiphanie Larkkem,11/23/2021
660,bcoramib,bcoramib@bizjournals.com,46eb02d1c8721cd93742ebabad98c72f,Bondon Coram,07/05/2022
661,ekellettic,ekellettic@ycombinator.com,6b72bfcc32431b37b375dc18f927d134,Eadie Kellett,09/14/2024
662,tmathesid,tmathesid@feedburner.com,774874bdd2fc1c6a0067cfc073bb3cb0,Taddeo Mathes,12/28/2022
663,lpraillie,lpraillie@chicagotribune.com,91f4d098d72eaf6f0ca33f08e0e902d2,Linda Praill,08/20/2024
664,lenriquesif,lenriquesif@marriott.com,ef90486522def7570a95a86af51aefae,Lorry Enriques,02/15/2020
665,dbiaggioniig,dbiaggioniig@indiatimes.com,a1252d9f3a4ba133899086772b625a36,Dennison Biaggioni,03/26/2020
666,strebilcockih,strebilcockih@answers.com,be7c12b597f3444fb2db2bf77137aaa9,Steve Trebilcock,11/26/2021
667,tshilstoneii,tshilstoneii@yahoo.co.jp,2e55d66746958b26bc4d343b717ba32a,Thorpe Shilstone,02/01/2024
668,cbrolanij,cbrolanij@jimdo.com,4d5fc4632b441efe23c247d53638c453,Culley Brolan,05/10/2024
669,bjosipovitzik,bjosipovitzik@vkontakte.ru,a437e240a355fe8738dd1772c81ebbc6,Boris Josipovitz,11/23/2023
670,ehathornil,ehathornil@opera.com,824012e4e82be63aa60acb231c3502e7,Eldon Hathorn,10/08/2023
671,bmcloughlinim,bmcloughlinim@joomla.org,97f1dd566c2988fde786e28acb27f27d,Binny McLoughlin,05/02/2023
672,cbriarin,cbriarin@tuttocitta.it,fb02e28bc1a2fbde4b83e6e2850ea198,Caterina Briar,03/23/2022
673,haneario,haneario@sina.com.cn,f622263f3e05838271ebffd7e0880a33,Henrieta Anear,04/23/2025
674,msharphouseip,msharphouseip@uol.com.br,2b1ee3e1ee9a76e49289a29ee19718f0,Misti Sharphouse,06/22/2025
675,arendbaekiq,arendbaekiq@marketwatch.com,98ea75ced38a65f593f10c8d480e42bf,Annabelle Rendbaek,04/04/2023
676,smacclenanir,smacclenanir@aboutads.info,dc6c2b97ed6dfea40948adcaf768abc1,Sullivan MacClenan,03/01/2023
677,acordyis,acordyis@ftc.gov,c56521827949bedb0c16704ef92dd8ba,Annamaria Cordy,04/06/2020
678,dtremayleit,dtremayleit@sciencedirect.com,abf69997e5b193d512bf01467654ae70,Davey Tremayle,07/05/2020
679,mlangelayiu,mlangelayiu@uol.com.br,ed6163567e41d7edd370a1f1823a0be5,Malissia Langelay,12/13/2022
680,eschubuseriv,eschubuseriv@princeton.edu,8122b16f36e4bf6564793925333a0281,Elianora Schubuser,09/24/2024
681,grankcomiw,grankcomiw@home.pl,b5809e1775ae7072b616c4b850f63a83,Gregoire Rankcom,01/09/2022
682,smcinneryix,smcinneryix@newsvine.com,c2e4d13c2304e6e0b40cba0f84d763e5,Salaidh McInnery,05/01/2021
683,cbevingtoniy,cbevingtoniy@cnn.com,47f98aafaf37ef36fd4c9cdb3dfe4945,Codi Bevington,11/07/2020
684,atarzeyiz,atarzeyiz@zdnet.com,c4946c7b24831ca072873c14bd701b77,Annabelle Tarzey,08/15/2025
685,rglazebrookj0,rglazebrookj0@marketwatch.com,8220bb72c62b8af190cb36aacd45c935,Rancell Glazebrook,10/07/2022
686,jpischelj1,jpischelj1@amazon.de,16734f53628069debdaec9c9d3a833e8,Jean Pischel,03/11/2020
687,mbavinj2,mbavinj2@hubpages.com,135606c5376e1f14fa54e066255ab715,Muffin Bavin,10/07/2024
688,gisaakj3,gisaakj3@ucsd.edu,2a1c6fd6fab8866bf8abe36e8212df21,Gwenni Isaak,03/01/2024
689,etotmanj4,etotmanj4@hatena.ne.jp,4b0378298c40c143ce91f1ffbd1ac3bd,Elle Totman,02/07/2025
690,acossingtonj5,acossingtonj5@wunderground.com,1f9d78d2910aa4cbb23ed27a7d44cfea,Ariel Cossington,02/18/2020
691,gdecortj6,gdecortj6@biblegateway.com,47fe2910a083a6411bd1552ad4be99e2,Gal Decort,08/08/2025
692,ldudeneyj7,ldudeneyj7@live.com,b704c149ac1976df2ebae0abd9c3307c,Liana Dudeney,12/14/2023
693,jdej8,jdej8@123-reg.co.uk,83dcf7039b7c8188415dfd0c325d0cac,Jacqueline de la Tremoille,01/12/2024
694,tlibbej9,tlibbej9@upenn.edu,a4310015e1da74abed0bb48522feb26c,Tully Libbe,06/15/2022
695,ddungateja,ddungateja@imgur.com,1a3e027253fafc3c82b0b2584f21c076,Dierdre Dungate,09/12/2024
696,ccirlosjb,ccirlosjb@a8.net,89cd1803671a3461da79ba36708bc5dc,Cobby Cirlos,06/15/2021
697,mwaltonjc,mwaltonjc@gov.uk,d98f61c737360212a9c3c90d3c97c241,Myrtia Walton,10/27/2021
698,gmclellandjd,gmclellandjd@sourceforge.net,6b11995548c7c2293424ec31bebf73a5,Glennie McLelland,06/03/2022
699,csimkissje,csimkissje@fda.gov,9083e9f0b2db406099c4465755899911,Chelsae Simkiss,11/23/2021
700,mfarreyjf,mfarreyjf@flavors.me,f721864fb649d93b74b54ae3bb5fed62,Micheline Farrey,05/09/2021
701,sflugerjg,sflugerjg@java.com,386cacb3a04d8d7db37f089810ecc048,Sean Fluger,04/04/2020
702,wcorssjh,wcorssjh@google.com.br,52ddef31315a687eb3084ed1ac209d67,Winona Corss,05/01/2020
703,jsantostefanoji,jsantostefanoji@yahoo.com,157bfa425f298edcacd697d4aaf20b15,Jerrold Santostefano.,06/29/2023
704,smaysjj,smaysjj@smh.com.au,9b1171878915a859d48b2dda3ef80f84,Shoshanna Mays,08/04/2024
705,bchurchardjk,bchurchardjk@nba.com,4164a9292a27146351a0242fc03691d1,Brew Churchard,07/01/2024
706,mscramagejl,mscramagejl@noaa.gov,a01aacab81f099728d2d61edf829a23c,Martica Scramage,08/25/2022
707,ccarayoljm,ccarayoljm@infoseek.co.jp,159b487321f3eb202d611bf489fe55b3,Camellia Carayol,07/26/2022
708,bmafhamjn,bmafhamjn@mashable.com,a213e10542ff232c576cf21325543d75,Birk Mafham,12/25/2023
709,rocannanjo,rocannanjo@blogger.com,97259ec7e3c66e9100d8665a8131be9f,Reina O'Cannan,06/26/2024
710,veccleshalljp,veccleshalljp@wisc.edu,60c8fbbce5244e041cb09d9d42aeed3d,Virgilio Eccleshall,09/08/2024
711,vcarnsonjq,vcarnsonjq@vimeo.com,193ee9e3ae94aaa1960361e49d3a23a2,Van Carnson,12/24/2021
712,tdillinghamjr,tdillinghamjr@cam.ac.uk,935869bbfe38fcd1decc5e8fd6cb34a2,Thoma Dillingham,01/13/2023
713,kgiovannonijs,kgiovannonijs@chron.com,b6954ecde59f2beabcc7dd190709e62d,Klaus Giovannoni,07/05/2023
714,ksteeplesjt,ksteeplesjt@businessinsider.com,5e719b457c8a26559229e111ada04fe7,Kathi Steeples,11/27/2023
715,astuchberyju,astuchberyju@bluehost.com,9a09de67fe57a23e4b06df939e959063,Aviva Stuchbery,06/21/2021
716,aeathertonjv,aeathertonjv@technorati.com,87bdfb971cc4670962d0fe71633888e4,Adaline Eatherton,05/30/2022
717,phowisjw,phowisjw@deviantart.com,da2c0e90e962e2f3c7cd23b75dc41a93,Paulie Howis,05/25/2021
718,zfetherbyjx,zfetherbyjx@exblog.jp,408a7d0cd732c45df5a9b062ebbe6406,Zollie Fetherby,06/24/2025
719,drayworthjy,drayworthjy@cnet.com,4852a55520e27c8266498c60c64ecfea,Dannie Rayworth,02/25/2025
720,tbaumlerjz,tbaumlerjz@cocolog-nifty.com,627c8d4ab264cb2a24ba48a653fce9f7,Torey Baumler,06/06/2025
721,ldjurevick0,ldjurevick0@arstechnica.com,f53e49cfce78903d806dfaaa7ac777ab,Lyndy Djurevic,05/28/2021
722,bglyssannek1,bglyssannek1@yahoo.com,b83afcc8a8812142708879e5e7fdc802,Brigitta Glyssanne,05/13/2021
723,bkinnink2,bkinnink2@cdc.gov,d3aac389ec128c035a26883e8e3cf4b2,Bogey Kinnin,02/25/2024
724,zsalek3,zsalek3@parallels.com,b5e2859baabd673d78393a821b6c4804,Zarla Sale,02/13/2023
725,rciseck4,rciseck4@dailymail.co.uk,686d9cbf535e83493b8507eeb4e6b2b2,Russell Cisec,03/23/2023
726,mkynastonk5,mkynastonk5@sfgate.com,2de6609b6d8dbfea9e917c1c0c0f891e,Monroe Kynaston,08/31/2020
727,mrowcliffek6,mrowcliffek6@cocolog-nifty.com,8668c8a69f78f07115c52d42a92019a9,Meagan Rowcliffe,02/24/2021
728,alefridgek7,alefridgek7@gnu.org,25d932623d75f8f016575f47a852664d,Andee Lefridge,07/13/2025
729,cdanslowk8,cdanslowk8@cbslocal.com,ff2a66ed6d286ab49d623dd552424024,Coraline Danslow,05/17/2023
730,flyddyk9,flyddyk9@nbcnews.com,9e835ffb893bdb0b27c9ad2415341f18,Fara Lyddy,10/06/2024
731,sallkinska,sallkinska@auda.org.au,7e862a5025e493d57f8a95804e2d3b31,Stanislaus Allkins,11/03/2023
732,gdemezakb,gdemezakb@un.org,58d7a1357d7143d49704a485c3a044c4,Geralda Demeza,06/08/2020
733,zdrikc,zdrikc@weather.com,309f4e378a2797a64c1d2fb5b24e5a76,Zorina Dri,01/06/2022
734,cstratiffkd,cstratiffkd@ft.com,b948de672b50410faff808cee658c9fd,Charmain Stratiff,08/21/2022
735,agathwaiteke,agathwaiteke@jimdo.com,8554bb9578f0fe1a2b3306d7bc0d3919,Amory Gathwaite,10/21/2023
736,snorvellkf,snorvellkf@yelp.com,e363d2d7e7f7e3bebfbb892f6e196ace,Shanna Norvell,02/15/2025
737,mmuffordkg,mmuffordkg@cargocollective.com,f3bafcc8ac43af262bd175647dec92b5,Mickey Mufford,04/25/2025
738,mbullockkh,mbullockkh@naver.com,af3334bf409e3560e0794b463a890077,Mauricio Bullock,03/13/2025
739,dwhitemarshki,dwhitemarshki@constantcontact.com,fa3176c48f799a037e522c3c926da9e4,Dame Whitemarsh,08/02/2024
740,djurischkj,djurischkj@example.com,27fbaaaee147191d37894727d929a382,Doralynne Jurisch,07/15/2025
741,ataxkk,ataxkk@prnewswire.com,bcb729c8218520e8f30aec959ee1dfec,Aloysius Tax,05/27/2025
742,ofaustiankl,ofaustiankl@time.com,edbbb7901e949001ea073c526bb5d275,Olav Faustian,08/09/2022
743,tevemykm,tevemykm@myspace.com,a888a39572cdaf9fbdd19aa2ba201952,Tami Evemy,01/18/2021
744,rbegbiekn,rbegbiekn@ocn.ne.jp,3380661fb5ce9cca1f141e8d3e96f35b,Rosella Begbie,04/20/2022
745,aglowackiko,aglowackiko@cisco.com,1fd2686c866292ec6e5db2b5c8e5c875,Aubrey Glowacki,06/04/2020
746,schamkp,schamkp@illinois.edu,0eb2c456c7f327091f4db01bb753eada,Samson Cham,12/30/2021
747,ajouhankq,ajouhankq@illinois.edu,040fafb6894803ac00675af5e93c7b2c,Ailee Jouhan,05/21/2020
748,abushnellkr,abushnellkr@bing.com,1d3f336c3a8d165909ce15baa9d794ac,Addy Bushnell,01/09/2022
749,dsinnatks,dsinnatks@slashdot.org,311238f7f3a2ab5b71c4843c0b0ba963,Doy Sinnat,06/18/2020
750,ghourigankt,ghourigankt@vinaora.com,e0314b2007229f7d528404a2bdcd87f0,Gawen Hourigan,03/07/2024
751,jwoodnuttku,jwoodnuttku@blinklist.com,209e10c8bce56c8c8432dd7e586bc53a,Jacintha Woodnutt,10/03/2023
752,eperrellekv,eperrellekv@reverbnation.com,b109e682761e4c5c558f6e5bc7c686c2,Estel Perrelle,01/19/2020
753,rpaishkw,rpaishkw@1und1.de,53ad902db719daac95a53cf157f540e9,Rudiger Paish,10/29/2022
754,ihuntingdonkx,ihuntingdonkx@huffingtonpost.com,26800d9559bd7b1adf5c819643b2f0f3,Itch Huntingdon,01/08/2025
755,bwinsperky,bwinsperky@dropbox.com,4553e5fdb4577b9d8132c539d5ded69b,Bunny Winsper,01/31/2022
756,aglanesterkz,aglanesterkz@taobao.com,8cd659335c0e58d7ee590815097e9710,Amby Glanester,07/28/2025
757,tbrislanl0,tbrislanl0@indiatimes.com,feccb4de0572ecb035aa835049120265,Travis Brislan,05/08/2021
758,ghabbershonl1,ghabbershonl1@nationalgeographic.com,15145a72d065f8169547bf60b8ec06ae,Grier Habbershon,11/03/2021
759,rbreadmorel2,rbreadmorel2@soundcloud.com,02fe50aacda632ad114951a8c3a6c75f,Rodge Breadmore,09/04/2021
760,likinl3,likinl3@theguardian.com,44fff123694ffbfe30e6e531e54abccf,Latia Ikin,11/24/2020
761,rscrowtonl4,rscrowtonl4@shop-pro.jp,261e7dae0013747e36427a96f8d4de5d,Roosevelt Scrowton,06/18/2024
762,awatchornl5,awatchornl5@usatoday.com,f47bf9fa4e26801757a0e48fdb35aac6,Arda Watchorn,03/08/2023
763,jcucksonl6,jcucksonl6@businesswire.com,863fd5fc8a8b49b2d32cefbdcb21051a,Jorgan Cuckson,01/19/2021
764,emaccrackanl7,emaccrackanl7@photobucket.com,c2f48e7a689cf04782b2712b23419861,Elva MacCrackan,04/09/2020
765,cgoodeel8,cgoodeel8@bing.com,0933072873fb7ad8d52d62f9633599db,Caritta Goodee,04/07/2025
766,cballendinel9,cballendinel9@wiley.com,5f81231a72277624ff564a336ce8b4f8,Cliff Ballendine,01/09/2020
767,obollansla,obollansla@cbsnews.com,cd04e35f2b1d250a0fa4723317a303de,Orsa Bollans,06/20/2025
768,mnuneslb,mnuneslb@irs.gov,74d73c4dcdf421259fae943689cb3c8d,Mechelle Nunes Nabarro,11/02/2024
769,mkienzlelc,mkienzlelc@macromedia.com,5ada02b1b72660d00d829d231b099d20,Merrile Kienzle,08/22/2022
770,ilynockld,ilynockld@soup.io,f0153673294c887d8748dc30cf2d6ee6,Ive Lynock,08/20/2024
771,mcottomle,mcottomle@ezinearticles.com,15a7f687996bfd6a36f209fd78692dee,Micky Cottom,07/06/2024
772,castridgelf,castridgelf@odnoklassniki.ru,d014c81e87f8d9f62fee1471a6d02043,Chariot Astridge,12/23/2024
773,dtennylg,dtennylg@icq.com,ecd77b3ef3a600a463f84418ee31d495,De Tenny,09/17/2022
774,etapelh,etapelh@wp.com,012f51ee0c92c768d093fdfe7e771b9e,Elijah Tape,10/06/2022
775,dmcginlyli,dmcginlyli@gnu.org,312eafdbbe447f6164872dc7bca46355,Devinne McGinly,12/07/2022
776,mimisonlj,mimisonlj@friendfeed.com,05338e774e26f7625e7bd0498dfd99d6,Marven Imison,04/17/2024
777,jbouldonlk,jbouldonlk@rambler.ru,637c7c2224024ad13d2fa120ba246419,Jeannine Bouldon,02/10/2025
778,dsteanll,dsteanll@amazon.co.uk,33bcb6bbe2d45fe09ea91c7832fd9414,Donn Stean,08/01/2024
779,mzannutolm,mzannutolm@wp.com,8ab62b2c796314a718d49da7e39bf22e,Maurise Zannuto,03/31/2023
780,lchapierln,lchapierln@about.com,674d0f9dd2fd4b7feb8056abdce881f2,Lamont Chapier,07/28/2025
781,ksetterthwaitlo,ksetterthwaitlo@dion.ne.jp,12a7aef1cfe7e47fbd94f52d02c6823d,Kristoforo Setterthwait,12/16/2020
782,mhendricksonlp,mhendricksonlp@1688.com,18b767b88d0b843df4917f90e5689745,Morey Hendrickson,06/23/2025
783,mrawstornelq,mrawstornelq@qq.com,b798094a0310e8495db20645731d3708,Marris Rawstorne,06/22/2025
784,gmayorallr,gmayorallr@adobe.com,032479cc9aae40f5743c1f9e5e9fb3b1,Greta Mayoral,01/18/2024
785,handriolils,handriolils@china.com.cn,3f75caeaeac9289af083822057f33d50,Honor Andrioli,01/19/2023
786,kgullandlt,kgullandlt@dell.com,db337f6ab90374eb920d3644dee06549,Karen Gulland,08/23/2020
787,enorreelu,enorreelu@jalbum.net,d718720bb3a0a2907d105a1282d667e5,Earle Norree,11/08/2021
788,dperuttolv,dperuttolv@amazon.de,3e1a545e4b77b3f46501283c085e8be5,Dalli Perutto,03/15/2025
789,edagnalllw,edagnalllw@xinhuanet.com,f25834766aa9c87259f4ea9fd78ec5ce,Ervin Dagnall,10/20/2020
790,rmcruvielx,rmcruvielx@nbcnews.com,4a4a0ca54269279850f4b6fd99db53fa,Rodney McRuvie,05/05/2022
791,mvonly,mvonly@cornell.edu,b54fdf7c4704376d656178fea86c961c,Marne Von Brook,03/06/2024
792,sburfordlz,sburfordlz@nasa.gov,73ae5962e0243a267bd15c19eb70d0e3,Syd Burford,12/25/2024
793,chuntem0,chuntem0@weather.com,8c0170d6acd63ecf4002ddf8902acffb,Colby Hunte,10/14/2021
794,wvictorym1,wvictorym1@tripod.com,f0e20d3e9a14c20bc5e978e241da53ce,Wally Victory,04/25/2021
795,rtoothm2,rtoothm2@studiopress.com,225a41529b2725604894a9600d2a1982,Robinette Tooth,02/01/2021
796,cfergussonm3,cfergussonm3@auda.org.au,4031430621f542b2e545ade221ee5b41,Christoph Fergusson,05/29/2020
797,ktrustramm4,ktrustramm4@mac.com,de1369059ef992d684522e29fe858f2f,Keslie Trustram,07/01/2022
798,iwickardtm5,iwickardtm5@dropbox.com,e7a21af09cd13d9f1c6b8b203f4a5e52,Innis Wickardt,04/07/2025
799,ybuckym6,ybuckym6@mozilla.com,d61694b46bf6d86cc28ce1c4c0f8c747,Yorgos Bucky,03/02/2021
800,rpraundlm7,rpraundlm7@skype.com,91531ea5c3a57228856bf2988076c08c,Reynold Praundl,03/26/2023
801,maspraym8,maspraym8@blogtalkradio.com,4a77b8bc2f6160001e58d760e4ac1f5c,Martainn Aspray,07/14/2024
802,kmuzzillom9,kmuzzillom9@smh.com.au,d97ad28d94bb8cdc526a5fcfef264502,Kelsey Muzzillo,04/09/2021
803,zkeigherma,zkeigherma@360.cn,a63259249b1bd1de38fe536d9ab6f078,Zena Keigher,03/01/2022
804,dguittonmb,dguittonmb@sohu.com,843a8a90d1244bc60d8bdcb39a1d4577,Duke Guitton,11/27/2022
805,elongegamc,elongegamc@newyorker.com,2373756adbdddc4aefdb1a88e04b51b7,Emmy Longega,06/26/2021
806,ltilliardsmd,ltilliardsmd@vk.com,342d430653a343f9fd288e4c19ca9573,Lisha Tilliards,04/11/2025
807,cpilipetsme,cpilipetsme@canalblog.com,f79456d2a2ed0c6b7b9eb9fe80e84719,Cathlene Pilipets,05/04/2021
808,ovossgenmf,ovossgenmf@facebook.com,2d336d9206ba28f9381253bdbb0fb157,Oswald Vossgen,06/20/2021
809,iorltonmg,iorltonmg@zimbio.com,8f142587c543f2c3142172f496da763d,Ignazio Orlton,09/26/2021
810,rmottinellimh,rmottinellimh@sitemeter.com,dedd40d3059bd54cf80f477ce3b87470,Reynard Mottinelli,12/07/2022
811,isperrettmi,isperrettmi@acquirethisname.com,274fba1bbd4bcac97fec175e9a969cf5,Ingelbert Sperrett,07/30/2023
812,amckellenmj,amckellenmj@discovery.com,b1c2525521d898b79b5101594916de5e,Aurelea McKellen,10/26/2022
813,ahillingmk,ahillingmk@utexas.edu,066d0e22852541859d402cca68bd8ffa,Astrid Hilling,02/20/2022
814,qdeml,qdeml@hibu.com,125dd4bc6be97ca6a058540963e21021,Quintana De Luna,04/30/2023
815,mpantonmm,mpantonmm@theatlantic.com,d25f317e7def002a4e0df2f025fdb1a8,Mame Panton,10/07/2024
816,fyouellmn,fyouellmn@auda.org.au,9e13e4f112bc438b14f42099db2b6667,Friedrick Youell,05/18/2020
817,adallingmo,adallingmo@bizjournals.com,49c0b1587654564f5c279eca5a0a45cf,Alleen Dalling,01/20/2025
818,emashammp,emashammp@unicef.org,7ef34e30889a437768ce9dec63a5f524,Elbert Masham,08/03/2020
819,lessermq,lessermq@mozilla.org,5b2ce4e331a954fef0aa3cd3b3295403,Lennie Esser,03/14/2021
820,hbarcamr,hbarcamr@feedburner.com,830ab362ef6d30c814294905e2385a9f,Hilarius Barca,12/06/2024
821,dwillems,dwillems@amazon.co.uk,6255b230794eedbebbfaf80e88b2ecdb,Debby Wille,04/30/2022
822,aemburymt,aemburymt@ft.com,5dad93c213978c83370e213d1578c71a,Allyn Embury,11/20/2020
823,bogreadymu,bogreadymu@hc360.com,8af6e13073be54bdcac12ad692b9db8d,Bone O'Gready,02/08/2022
824,bbouldsmv,bbouldsmv@discuz.net,e92593749ca41f133d964abebab51f06,Beaufort Boulds,03/31/2021
825,tordidgemw,tordidgemw@reuters.com,4fc2a667b2700ee45f55579d2130d9fa,Thadeus Ordidge,08/31/2021
826,sobradanemx,sobradanemx@baidu.com,ed567cf105ba6fbfb25591eb0ad4d160,Shaylah O'Bradane,12/18/2020
827,tbangsmy,tbangsmy@mlb.com,bb6f7c341b2470ea08c6323f3bbc32dc,Todd Bangs,01/16/2021
828,gphinnismz,gphinnismz@csmonitor.com,9afd6331708ea9731216379fefa08d0d,Gale Phinnis,03/26/2024
829,bpidgenn0,bpidgenn0@nydailynews.com,412fbe4cc33bff755898fbb54f2d2ecc,Brok Pidgen,01/19/2024
830,kcoultarn1,kcoultarn1@com.com,439f84f0f1fb6a32e0dc2a1785252856,Karia Coultar,01/12/2021
831,ereicheltn2,ereicheltn2@e-recht24.de,cc72679022970f40c924118e610b4b60,Edwina Reichelt,01/19/2025
832,jkinnockn3,jkinnockn3@goodreads.com,5a2997dae1b677ba4e0664f1926841d9,Johann Kinnock,04/01/2020
833,sjoskan4,sjoskan4@google.de,18d050ec503a2ac49d4d441f869685bb,Sharon Joska,07/22/2023
834,tcecin5,tcecin5@hubpages.com,842ae5717ef01fb947db6f18babdd1b0,Toby Ceci,02/28/2023
835,sbickerdyken6,sbickerdyken6@theglobeandmail.com,4aee61ca3b2087c97766c20dd926a535,Sholom Bickerdyke,02/12/2021
836,macremann7,macremann7@godaddy.com,45ed8fb3ddc1789403a5cd0afe65b0be,Minette Acreman,06/03/2021
837,bbenainen8,bbenainen8@issuu.com,e794e395c09496e84a2bb5a494451e5f,Betsy Benaine,03/04/2024
838,dumbersn9,dumbersn9@tumblr.com,c64e66909b4f7d60b6654e3d4c962397,Dorotea Umbers,12/10/2020
839,swhatlingna,swhatlingna@hao123.com,77f9303fef3418a152271e4bc8bba63e,Stacee Whatling,02/08/2024
840,aalannb,aalannb@hatena.ne.jp,1ddfb0457ebb20e876bc815820d2eb96,Ailyn Alan,01/08/2023
841,twillmentnc,twillmentnc@google.ru,2927b0ed84eb5256c16348c83838d4d7,Teri Willment,12/31/2023
842,talpend,talpend@indiegogo.com,360a8468a3047feeda4c0be54b6bf383,Tiff Alpe,03/02/2023
843,tgilbridene,tgilbridene@nhs.uk,05dbcc1a146fd1f9e07f4bd47ea541a7,Tailor Gilbride,05/11/2024
844,mbadininf,mbadininf@mlb.com,2936b385e7458bf7853b7e2ce29c84f9,Morna Badini,02/06/2022
845,hmoylesng,hmoylesng@narod.ru,3e5d22089af1dab768e0bda30f992125,Hendrika Moyles,08/22/2020
846,nantoonsnh,nantoonsnh@phoca.cz,3656a8545c724a71001c63b2d5d8adad,Nicolle Antoons,11/26/2024
847,plawryni,plawryni@adobe.com,7f96127fe389a09747e6b3878f16cfed,Pamela Lawry,10/04/2023
848,kwethnj,kwethnj@rambler.ru,4fdda5bb5b6a511108628bb62147c6f4,Kellia Weth,06/21/2024
849,talsteadnk,talsteadnk@cnn.com,ac869d1ca73aa12f5ef9a263efd3f842,Terencio Alstead,08/19/2022
850,tpaolozzinl,tpaolozzinl@craigslist.org,47e6af016b613558fe09670ec6bf36f4,Thibaud Paolozzi,07/28/2024
851,cheathcottnm,cheathcottnm@chicagotribune.com,73c6d82d231a982dafc40cb4ff72ad81,Carlen Heathcott,05/02/2024
852,cmaclucaisnn,cmaclucaisnn@xrea.com,526d8e020e1237d060b7683336486d11,Constantine MacLucais,09/04/2022
853,dferneyno,dferneyno@zdnet.com,60246b9c1b2d8e0b478aac99121c8ddf,Danit Ferney,05/09/2022
854,ipykermannp,ipykermannp@yolasite.com,c69c2b2923db36d8fc5bf917926fe55a,Ina Pykerman,06/03/2022
855,lflukesnq,lflukesnq@woothemes.com,7724f63a5828cdb681d05569ecf26933,Lilyan Flukes,10/04/2020
856,lmablestonenr,lmablestonenr@google.com.au,f145f33f635af4cde29d1194c272ee4f,Laurianne Mablestone,03/19/2022
857,mcheccuccins,mcheccuccins@amazon.co.uk,d3e3faf18ac27355497ce488f9a9e0d9,Merralee Checcucci,05/30/2023
858,bclawsonnt,bclawsonnt@sourceforge.net,05e323c43af95a38c95cf0ca63dc365e,Barbaraanne Clawson,07/14/2022
859,adumbartonnu,adumbartonnu@wix.com,0e3cab97c1bc100918429cf641c57d1a,Adele Dumbarton,01/13/2020
860,rsockellnv,rsockellnv@psu.edu,592f6d1e6b5339f714f3e02fa27cdf0b,Rubia Sockell,06/03/2024
861,nkettlesonnw,nkettlesonnw@marketwatch.com,446ec9f2e188d4c8372a7472313802a2,Natty Kettleson,06/28/2023
862,fgrasernx,fgrasernx@washington.edu,a40656ede90774003d00e432e4449ff9,Fonzie Graser,10/01/2023
863,odimbylowny,odimbylowny@google.com.br,b7acb577f0d2774ec4e89b43b081af13,Orson Dimbylow,01/07/2023
864,lsticklesnz,lsticklesnz@slideshare.net,d87701de8874841f7b66da8c9f7b316e,Leodora Stickles,03/21/2020
865,cmccoryo0,cmccoryo0@ed.gov,9a0eec19ab2f77ec34fcef40c5d8eca5,Cristy McCory,05/15/2021
866,tboullino1,tboullino1@ft.com,a28f38480fd79209ea0c2b949fe13a72,Thom Boullin,05/09/2025
867,eowthwaiteo2,eowthwaiteo2@omniture.com,750db3d98358469ba2d3a7f4225ffac5,Ellery Owthwaite,11/25/2024
868,bbatcho3,bbatcho3@usatoday.com,3f9b1a46371d32f89a43511e8c15c8ad,Becki Batch,04/12/2022
869,jsuffieldo4,jsuffieldo4@oracle.com,e7b05c82fbfc47b64fea7cdc0d5ecaa5,Jacynth Suffield,02/11/2023
870,bolivazzio5,bolivazzio5@cam.ac.uk,9066bca632dd4c86de3a9a832ef70700,Barde Olivazzi,07/09/2022
871,ejewiso6,ejewiso6@qq.com,284309680f3f0c639097ea9f4542a3ae,Emelia Jewis,04/19/2024
872,whollidgeo7,whollidgeo7@spiegel.de,73ab6fa60972ce2b8258f87352b0c31b,Webb Hollidge,08/02/2020
873,ttorticeo8,ttorticeo8@bravesites.com,6a5e517336ef9e24a76ecf162fd21239,Tally Tortice,01/28/2023
874,sbairstowo9,sbairstowo9@usatoday.com,12b993e237dcf2c37c25f20dc9163001,Stormi Bairstow,07/02/2024
875,tternaultoa,tternaultoa@ovh.net,da264658b1a90fc01ba910f57ff387ee,Tandie Ternault,01/29/2025
876,dwittob,dwittob@bizjournals.com,9f42210a59e8f7aed05315be4f56086d,De witt Forkan,06/03/2020
877,lgovinioc,lgovinioc@fastcompany.com,ddc936f6a6923d7b3bc43ea8b21d9513,Lilly Govini,05/12/2022
878,fjedraszekod,fjedraszekod@ocn.ne.jp,f6e11403e2cb6014ead5ae0c80b7a802,Fay Jedraszek,12/30/2021
879,drosenscheinoe,drosenscheinoe@elpais.com,371a464f75c78c4ff6da9133be75724a,Delinda Rosenschein,08/27/2024
880,nrichardesof,nrichardesof@g.co,8e48e1d83f22b60d5238edce0a3f9ece,Nester Richardes,11/08/2024
881,gdriscollog,gdriscollog@shareasale.com,50f79eaaae3f7393fbf53166659f8add,Geralda Driscoll,04/17/2024
882,wdixoh,wdixoh@addthis.com,a0eb5e30d7f6a366983a62fff1e873d9,Whitney Dix,12/18/2021
883,mshackladyoi,mshackladyoi@pen.io,a309683d8e04ce099bcf2f0ebc7ceec9,Mattie Shacklady,02/17/2021
884,lhourahanoj,lhourahanoj@redcross.org,594ca0dc1e6062cf7a0f04b613fc60d6,Lawton Hourahan,12/27/2022
885,estennardok,estennardok@com.com,e6832ff8b5957b37eb48e41cccac9460,Esmaria Stennard,10/20/2020
886,ggossageol,ggossageol@cloudflare.com,c4d623c213fc5b36c83fcd8200796108,Georgianna Gossage,03/22/2024
887,lmactrustamom,lmactrustamom@google.co.jp,a0ee5402e8320953551a65b59a6f9481,Levy MacTrustam,02/14/2024
888,jsherwynon,jsherwynon@uiuc.edu,4754d9d0b69390e2d43382ac9fd2eaa8,Jacinta Sherwyn,01/21/2024
889,nbenneoo,nbenneoo@ca.gov,b6f826e3ee68f89b914f7d83e3c66dea,Nickolaus Benne,12/13/2024
890,bcapesop,bcapesop@wsj.com,f5f3d730d83cca8f0e79481ff06890d5,Bernelle Capes,07/20/2025
891,dscuseoq,dscuseoq@blogtalkradio.com,cbbe5fbae7593bc792a64283fe371d6b,Delilah Scuse,07/08/2020
892,ssconesor,ssconesor@shinystat.com,d74e03c213199755e1c4ea85dd41f2c9,Skipper Scones,03/20/2021
893,phaibelos,phaibelos@ameblo.jp,532fb1616563c05b35e4451985e68f2f,Pietro Haibel,02/29/2020
894,elandsboroughot,elandsboroughot@addthis.com,c2fa88ffde18841741a0384747253a77,Evvy Landsborough,07/11/2022
895,kkorfou,kkorfou@yelp.com,2cc878b0f6a18217d2da1f062f18532b,Klemens Korf,05/22/2024
896,fdericotov,fdericotov@wix.com,b40af0a5b93f23d566416c8191b81339,Franciska Dericot,02/05/2020
897,kponterow,kponterow@addtoany.com,f022cc98ad875cbffd545527cae3bb8d,Krishnah Ponter,08/20/2020
898,ckrystofox,ckrystofox@guardian.co.uk,0299f002ab50fefb5c7997bc0dc01ea3,Corabelle Krystof,11/03/2021
899,dsporeoy,dsporeoy@so-net.ne.jp,d1e58d9a3233c41e4ddb80a8bb889041,Dyana Spore,07/01/2025
900,jjamesoz,jjamesoz@cdc.gov,b43340c81b1c01d40ca2b7c545bc22ed,Jarib James,07/01/2023
901,kgarriochp0,kgarriochp0@tinyurl.com,8c99bd73b051835c321e65399ecd78e0,Kylie Garrioch,01/25/2022
902,hwickesp1,hwickesp1@com.com,8011f673487129fb5a38506d4c303fbe,Huntley Wickes,07/05/2020
903,pcluettp2,pcluettp2@nih.gov,74a6cf41a7c2d0d820a6106263c9c362,Pasquale Cluett,01/14/2025
904,lalburyp3,lalburyp3@omniture.com,cfba6a3bedf138a178fe495152fae3d3,Lory Albury,11/20/2022
905,coverstonep4,coverstonep4@eepurl.com,b40614497cb2b24358a3a056f58a3e60,Cyrille Overstone,09/30/2024
906,lkarolczykp5,lkarolczykp5@businessweek.com,c6fa084ccc8ec4fae90bceb37656ac0c,Lauri Karolczyk,08/25/2020
907,fbarteletp6,fbarteletp6@behance.net,933961a4157de86bdcdaf5f0bae79cb2,Frederic Bartelet,09/15/2020
908,dwillattp7,dwillattp7@sphinn.com,a44502e93a0623d35a3e2065052156a5,Dusty Willatt,05/31/2020
909,emugridgep8,emugridgep8@adobe.com,31f01e7f3bd2da903f15a1907118a2ae,Ennis Mugridge,06/11/2020
910,mkorbap9,mkorbap9@unc.edu,991ecba9e84317a3a077a7127fbe046e,Mariana Korba,03/16/2021
911,adunthornpa,adunthornpa@ox.ac.uk,db2917c968cc116a641cb78638ff7412,Augustine Dunthorn,12/05/2024
912,clamzedpb,clamzedpb@un.org,a480e4905f4556475212de3f8c27708b,Chelsy Lamzed,03/04/2020
913,umizzenpc,umizzenpc@webeden.co.uk,c7d7e7ce0bfb03c1f9c1218f2ad3c23f,Ulrike Mizzen,04/29/2020
914,rtolwoodpd,rtolwoodpd@si.edu,722e2c742b6dc380b4dc98af23efebdc,Reggy Tolwood,01/19/2025
915,erhoadespe,erhoadespe@ft.com,59fa8701ed54f61355c145ecd58035dd,Eadith Rhoades,01/24/2024
916,rortlerpf,rortlerpf@bloglines.com,06234c8ed356db5246d5354978fa709e,Ryley Ortler,03/11/2024
917,skohnenpg,skohnenpg@artisteer.com,646455a8eea6c1abe443adcbd9cc2d78,Stan Kohnen,07/09/2023
918,wruitph,wruitph@npr.org,a21b20df65c4d0844198f607183d17e1,Wallache Ruit,03/26/2021
919,cbeefonpi,cbeefonpi@dyndns.org,9eb09eb05cac24372cd5d9b2f1254280,Charmine Beefon,11/22/2023
920,mgariepj,mgariepj@a8.net,2225b53b24f260abfae7225830df47ad,Maurits Garie,06/11/2022
921,rasgodbypk,rasgodbypk@123-reg.co.uk,f9f2fa317b0bdcc2ef3a8a15a72a4a18,Rey Asgodby,02/19/2022
922,twordleypl,twordleypl@drupal.org,f738a43fb2d9eefb5bc6a320a66cd9a0,Trudy Wordley,03/29/2024
923,chearnespm,chearnespm@fda.gov,e78933b129e64dbfe1fdc877f1be8104,Colleen Hearnes,12/10/2023
924,vrathbonepn,vrathbonepn@goo.ne.jp,a29fe95b890875d85221c5713480bc8b,Valentino Rathbone,07/09/2025
925,fstuchberrypo,fstuchberrypo@dropbox.com,563ffe290be7ad2978ae2231788bace0,Franciska Stuchberry,05/18/2020
926,dwardhawpp,dwardhawpp@pbs.org,f539d0be17766aafe83a4cd9aed4bd3c,Danita Wardhaw,07/14/2020
927,esellekpq,esellekpq@ted.com,849b393c4824065130fda54973aef99c,Eugenie Sellek,08/10/2024
928,mfoypr,mfoypr@google.nl,8e70380f53b535aa7037f37c6b637623,Moe Foy,10/07/2023
929,nbillingsleyps,nbillingsleyps@webnode.com,f287983a2799f28b654a48bc74c673a9,Nissy Billingsley,08/02/2022
930,wdearnpt,wdearnpt@godaddy.com,6ef4392d4396f9b8d38bbf2f2252da5a,Willow Dearn,09/17/2022
931,lspracklingpu,lspracklingpu@un.org,d1c237f21a77f91524f5b2eb5ef2d2a5,Lelah Sprackling,04/04/2025
932,bdannielpv,bdannielpv@sciencedirect.com,07de1f6dd99b8b20e063533d63ce1d6b,Blaire Danniel,07/16/2021
933,rmorfettpw,rmorfettpw@google.com,a5bc49ca08848ae833a12411a40b5f0b,Rasia Morfett,11/07/2020
934,rflecknoepx,rflecknoepx@accuweather.com,c44197b19d2b69c70ab100c81976c42d,Rozella Flecknoe,03/27/2025
935,labsolonpy,labsolonpy@wisc.edu,b5e1244df4882230269bd24ff9ad06c6,Lil Absolon,12/04/2020
936,hbradiepz,hbradiepz@webnode.com,4d8b553d520139cdd5d6e886a35507cd,Honoria Bradie,03/04/2020
937,wbattersonq0,wbattersonq0@accuweather.com,625c54ba6329c3cfa0ef25b45edbd445,Wren Batterson,08/03/2021
938,rcantillionq1,rcantillionq1@telegraph.co.uk,99bbdae7d72fd373e85ada18cc458540,Rowe Cantillion,10/23/2020
939,oschimonekq2,oschimonekq2@kickstarter.com,42deea91e684b249708f18b7524b2499,Orelia Schimonek,02/15/2024
940,sesilmonq3,sesilmonq3@irs.gov,6befa1925ea045c6a2c85bbf4f47da4c,Skylar Esilmon,02/19/2025
941,lpinnickq4,lpinnickq4@mayoclinic.com,0f871f517f6d5583477359b2f202a3e5,Lorrin Pinnick,02/19/2025
942,clindenstraussq5,clindenstraussq5@sciencedaily.com,4ee3640ea85624e215489d9ff4e4d6f4,Cecil Lindenstrauss,10/12/2022
943,agrimwadeq6,agrimwadeq6@soup.io,02e657396301bfbcd95f9abf93c8d0f3,Abbey Grimwade,04/24/2020
944,gsalazarq7,gsalazarq7@behance.net,f2e81f9e2ac1a751a5124a1c3ef92d06,Gareth Salazar,07/04/2020
945,aklamptq8,aklamptq8@cafepress.com,227f4861631fd63277eee27ad26a9b25,Arlinda Klampt,06/25/2022
946,writtmeyerq9,writtmeyerq9@newsvine.com,715906ce78b7f9e7bea9f9e87c610525,Wade Rittmeyer,12/26/2023
947,cthirstqa,cthirstqa@paginegialle.it,3f53f37ef9cb92b6f3c340be936c747c,Chiquita Thirst,08/12/2023
948,lgrinyerqb,lgrinyerqb@home.pl,425e17c219d3a1b3f79da81c813fd2bc,Lissi Grinyer,07/22/2020
949,akealeyqc,akealeyqc@howstuffworks.com,1831b3184d4e1dbbe6337553936d3e15,Alwin Kealey,07/16/2021
950,mellikerqd,mellikerqd@icio.us,1eb34baf8d812f04148450b40ba4bae1,Maxi Elliker,11/04/2023
951,dsaterthwaitqe,dsaterthwaitqe@ibm.com,de055d3a6423d990e797463d2268e7b5,Drona Saterthwait,02/27/2025
952,hauchterlonyqf,hauchterlonyqf@ca.gov,8b65d072973cd8b3d65dee4a671fed14,Harriette Auchterlony,10/08/2022
953,btomainoqg,btomainoqg@berkeley.edu,26448ee587ca4451f75730e62314d391,Brandon Tomaino,04/19/2020
954,lbootherstoneqh,lbootherstoneqh@ameblo.jp,3b80fe1d15990198bcbb2bb644b5e3a6,Lurette Bootherstone,05/28/2021
955,slubeckqi,slubeckqi@plala.or.jp,f754f4df6743595f497a78db6b1da0c7,Stefan Lubeck,03/22/2025
956,hfarrearqj,hfarrearqj@yellowpages.com,3f4d424b2b59498dc656b75a88454cac,Hilarius Farrear,07/03/2023
957,rreddochqk,rreddochqk@cam.ac.uk,d2c8fa857c78d0f344f22a42a2cf73c0,Robinia Reddoch,01/17/2020
958,mderingtonql,mderingtonql@ted.com,a891f8c12767e7c199eeb93f8285cac8,Marius Derington,11/06/2024
959,foqm,foqm@va.gov,03df6fc3d519936adf51cd5a3359b2a2,Fraser O' Reagan,02/17/2024
960,kbrazenerqn,kbrazenerqn@comcast.net,27257931467be3745cf5a772255184fb,Kelly Brazener,02/19/2025
961,astrangwoodqo,astrangwoodqo@naver.com,453b49813249ebad42586c6278058ae4,Adelice Strangwood,12/26/2021
962,kharraldqp,kharraldqp@usatoday.com,b83f82861a763bfe7a25e59dc82b2b87,Karena Harrald,01/19/2020
963,ldaglessqq,ldaglessqq@unc.edu,719ca347447c93136e01918e883d0121,Lucienne Dagless,09/07/2021
964,ccannavanqr,ccannavanqr@youku.com,a68c9330f1746910fdd3c93a8ff25f54,Cointon Cannavan,12/01/2022
965,tbridglandqs,tbridglandqs@amazon.co.uk,1a324f66a9835f5043f296538d5660eb,Theodoric Bridgland,09/14/2023
966,iobernqt,iobernqt@networksolutions.com,31f508be64636baf6c56ed673828f4be,Isiahi Obern,03/16/2022
967,gbaldoniqu,gbaldoniqu@tuttocitta.it,60c54d3e130c6334ae201996d798f40d,Gigi Baldoni,04/10/2024
968,ehawkeridgeqv,ehawkeridgeqv@pinterest.com,fb9ec1731939f6990621da9fcfe89a73,Emmet Hawkeridge,12/28/2024
969,mbaldacchiqw,mbaldacchiqw@cpanel.net,6329a926fb918e6122fd8566678b39d9,Magda Baldacchi,04/10/2021
970,rtutingqx,rtutingqx@gmpg.org,e6c87525b0df017005bcb2f6a3abb419,Rik Tuting,01/15/2024
971,mreddinqy,mreddinqy@pagesperso-orange.fr,9635551922268757f791378c3de7df5c,Marci Reddin,03/24/2025
972,sdehnqz,sdehnqz@51.la,9afceda913f388bd03cde14c7bcc119d,Sande Dehn,04/20/2022
973,ggierardir0,ggierardir0@booking.com,43af5d58d775ca9d5356f3c3ba9b50b6,Gerta Gierardi,12/12/2022
974,lcruxr1,lcruxr1@cdbaby.com,893275db07a7d709ce851cd873df3be3,Lindy Crux,07/05/2021
975,llarwellr2,llarwellr2@mail.ru,9bc01bef2079d70abcd8a057b83666c3,Leena Larwell,01/06/2022
976,kvigusr3,kvigusr3@technorati.com,18a224a9ef27405dbcb72621b127c417,Kayle Vigus,02/16/2023
977,sgeistr4,sgeistr4@bandcamp.com,3bd736ee73ccdb0d70cf9e68b86c28f2,Skipton Geist,02/20/2024
978,abissekerr5,abissekerr5@slideshare.net,1170f66a0fdbffe5f5ee2a2af7cbfe92,Archy Bisseker,03/26/2024
979,rfincherr6,rfincherr6@gizmodo.com,43b3c7b03ae16ff6000f129e7898865b,Rube Fincher,02/12/2020
980,akybertr7,akybertr7@si.edu,4c1bfc4e7205bfc1baf44ee33d212676,Annecorinne Kybert,09/27/2021
981,sgaizer8,sgaizer8@angelfire.com,e6a74eb4a00aad8479877ebf40fdc0c9,Siusan Gaize,09/17/2023
982,rpischelr9,rpischelr9@elegantthemes.com,a4d93c924642f2dd3d8e024258249692,Rupert Pischel,02/28/2022
983,wbaniardra,wbaniardra@drupal.org,cf7bc3e3d642176e6077c6a867ed78a7,Winnie Baniard,06/25/2020
984,ebeacomrb,ebeacomrb@who.int,368b3c8deb17539e678791e0e2cb472a,Elton Beacom,05/13/2022
985,tbagsterrc,tbagsterrc@mayoclinic.com,97e928055e45fe8645d8cc5a178e86ba,Teddy Bagster,03/21/2025
986,dvanyarkinrd,dvanyarkinrd@comsenz.com,aaa1f671edc1d7d46a14062f2a8b7c25,Debbie Vanyarkin,01/19/2024
987,mstallwoodre,mstallwoodre@eepurl.com,22c1fbf7e1d09cd58638910506dd6a31,Mendy Stallwood,09/29/2023
988,ealabonerf,ealabonerf@umich.edu,d4c1657afec69186a7325e0751525ce4,Evangeline Alabone,07/13/2024
989,elegatrg,elegatrg@ehow.com,dd3f4c7001e7d0f6c92c581a6c8db036,Emmie Legat,09/16/2022
990,ggrigoriorh,ggrigoriorh@vimeo.com,9706880480a6c1ffee78875377aea39c,Gayler Grigorio,09/22/2021
991,rspencersri,rspencersri@hubpages.com,d2fecc7ce766118c5a1ea83e8ed89244,Rora Spencers,08/12/2024
992,nmacnockaterrj,nmacnockaterrj@home.pl,84cfe0115083d7fd7f75768c01306dcf,Nicolas MacNockater,08/10/2025
993,mmarchisork,mmarchisork@chron.com,73df93c7c0ff1e72b8c56ad1bbed51c7,Merrielle Marchiso,07/07/2025
994,hfischerrl,hfischerrl@zimbio.com,93226a73379f86ab2be547390d83132a,Hedi Fischer,07/15/2021
995,jspreagrm,jspreagrm@redcross.org,9e4b1d989ce947b13089c2bd21771f9f,Justin Spreag,07/29/2020
996,dreussrn,dreussrn@mozilla.org,e57f154afe74c61dadabf34d8ff4e2a7,Dulce Reuss,03/14/2025
997,obarkshirero,obarkshirero@printfriendly.com,d3c063ee7e8ba9ffac3015907deeb8f1,Olive Barkshire,12/16/2023
998,noolahanrp,noolahanrp@rambler.ru,40a6d246a9aac41607419a69bbef5f29,Nanci Oolahan,06/15/2023
999,amaccleayrq,amaccleayrq@reuters.com,729dfa3e7cb71ff64f550c4e285e7f92,Andris MacCleay,11/06/2020
1000,tdeknevetrr,tdeknevetrr@marriott.com,105d597e0a8dcfea4ba3753792c4f44c,Tammy deKnevet,12/14/2022
